Participant,Timestamp,Arduino_Timestamp_ms,Accel_X,Accel_Y,Accel_Z,Gyro_X,Gyro_Y,Gyro_Z,Mag_X,Mag_Y,Mag_Z,Euler_Heading,Euler_Roll,Euler_Pitch
bevRightArmTestFastSlow,2025-04-23 08:30:50.735,83684.0,0.22,-0.41,-0.23,5.06,2.69,-29.81,22.75,-24.25,-20.56,353.75,-25.81,-78.87
bevRightArmTestFastSlow,2025-04-23 08:30:50.739,83794.0,0.09,-0.55,-0.07,3.25,-10.5,-20.19,24.25,-22.19,-20.56,356.88,-28.31,-79.0
bevRightArmTestFastSlow,2025-04-23 08:30:50.857,83904.0,-0.06,-0.43,-0.1,6.56,-10.88,-16.25,24.25,-20.87,-21.06,359.94,-30.0,-78.5
bevRightArmTestFastSlow,2025-04-23 08:30:50.974,84015.0,-0.02,-0.61,0.01,11.13,-12.19,-2.63,25.69,-20.87,-21.06,2.31,-30.81,-78.69
bevRightArmTestFastSlow,2025-04-23 08:30:51.074,84125.0,-0.22,-0.58,0.34,15.38,-2.94,6.94,25.0,-20.69,-21.87,4.13,-30.87,-78.81
bevRightArmTestFastSlow,2025-04-23 08:30:51.190,84236.0,0.1,-1.23,0.59,6.44,-9.88,27.37,24.56,-21.0,-21.5,3.25,-29.31,-79.69
bevRightArmTestFastSlow,2025-04-23 08:30:51.296,84346.0,-0.37,-0.11,0.38,11.19,-12.69,42.06,21.75,-23.25,-21.06,0.88,-25.12,-79.69
bevRightArmTestFastSlow,2025-04-23 08:30:51.408,84456.0,-0.36,0.22,0.24,27.5,-0.06,32.19,20.25,-25.06,-20.56,358.19,-21.62,-82.69
bevRightArmTestFastSlow,2025-04-23 08:30:51.526,84566.0,-0.37,0.18,-0.25,11.25,3.63,24.5,18.75,-27.0,-19.75,355.56,-18.69,-84.56
bevRightArmTestFastSlow,2025-04-23 08:30:51.623,84677.0,-0.19,-0.02,0.24,9.63,25.31,11.88,18.5,-28.5,-19.0,352.31,-17.12,-86.56
bevRightArmTestFastSlow,2025-04-23 08:30:51.741,84788.0,0.45,-0.07,-0.36,-2.31,6.69,15.94,17.69,-29.06,-17.37,349.94,-15.69,-87.06
bevRightArmTestFastSlow,2025-04-23 08:30:51.858,84898.0,0.4,-0.07,-0.46,0.63,2.5,14.69,17.0,-29.75,-17.0,347.5,-13.88,-87.44
bevRightArmTestFastSlow,2025-04-23 08:30:51.963,85008.0,0.41,0.0,-0.33,6.13,1.44,9.13,16.19,-30.69,-17.37,345.94,-12.31,-88.37
bevRightArmTestFastSlow,2025-04-23 08:30:52.074,85117.0,0.32,0.11,-0.13,6.56,-0.94,7.19,16.19,-31.0,-17.0,344.94,-11.19,-89.37
bevRightArmTestFastSlow,2025-04-23 08:30:52.175,85229.0,0.16,0.05,-0.19,2.06,-0.69,1.5,15.5,-31.37,-15.25,344.69,-10.63,-89.75
bevRightArmTestFastSlow,2025-04-23 08:30:52.290,85340.0,0.02,-0.2,0.01,3.69,-1.81,-1.88,15.56,-31.75,-16.06,344.88,-10.69,-90.0
bevRightArmTestFastSlow,2025-04-23 08:30:52.407,85450.0,-0.01,-0.02,0.04,-2.0,-8.5,-0.37,15.56,-31.0,-16.56,345.56,-10.81,-90.0
bevRightArmTestFastSlow,2025-04-23 08:30:52.508,85560.0,-0.12,-0.14,-0.12,-2.94,-1.63,-7.44,15.56,-31.75,-17.0,346.69,-11.38,-89.5
bevRightArmTestFastSlow,2025-04-23 08:30:52.624,85670.0,0.07,-0.19,-0.1,-2.88,-1.75,-4.56,15.88,-30.69,-16.56,347.38,-12.13,-89.19
bevRightArmTestFastSlow,2025-04-23 08:30:52.740,85781.0,-0.14,-0.3,-0.37,11.56,-7.19,7.94,15.88,-31.0,-16.06,347.81,-11.88,-89.69
bevRightArmTestFastSlow,2025-04-23 08:30:52.847,85892.0,-0.28,-0.28,0.0,22.37,-4.25,12.44,15.19,-31.37,-16.56,347.69,-10.81,-91.75
bevRightArmTestFastSlow,2025-04-23 08:30:52.956,86003.0,-0.07,-0.25,0.16,19.37,1.0,9.13,14.38,-32.5,-14.5,347.25,-9.81,-93.94
bevRightArmTestFastSlow,2025-04-23 08:30:53.057,86113.0,-0.02,-0.2,-0.08,20.44,5.38,17.19,14.06,-33.25,-13.25,345.81,-8.31,-96.0
bevRightArmTestFastSlow,2025-04-23 08:30:53.176,86222.0,-0.06,-0.39,0.69,22.5,27.5,15.94,12.56,-34.38,-12.5,343.13,-6.19,-98.75
bevRightArmTestFastSlow,2025-04-23 08:30:53.289,86334.0,-1.16,0.55,1.99,-36.38,-2.88,-3.31,12.19,-35.5,-11.56,339.0,-5.25,-98.75
bevRightArmTestFastSlow,2025-04-23 08:30:53.390,86445.0,-0.1,1.6,-1.35,-59.13,-10.31,-37.69,12.88,-34.38,-11.56,341.44,-8.31,-92.0
bevRightArmTestFastSlow,2025-04-23 08:30:53.506,86555.0,-0.14,0.94,-0.53,-58.13,27.81,-66.12,16.56,-31.37,-15.69,344.19,-14.06,-86.37
bevRightArmTestFastSlow,2025-04-23 08:30:53.624,86665.0,0.77,0.82,-1.68,-30.5,4.44,-75.75,19.5,-27.25,-19.0,350.44,-22.0,-81.31
bevRightArmTestFastSlow,2025-04-23 08:30:53.722,86775.0,1.0,-0.1,-1.13,32.88,-8.25,-23.69,24.0,-24.25,-19.5,355.44,-27.56,-82.56
bevRightArmTestFastSlow,2025-04-23 08:30:53.841,86886.0,1.4,-1.8,-0.68,50.88,-26.56,4.75,24.37,-24.25,-18.19,0.94,-26.81,-85.12
bevRightArmTestFastSlow,2025-04-23 08:30:53.955,86996.0,0.18,-1.22,0.65,69.5,-22.94,41.13,22.5,-26.56,-18.56,2.81,-24.0,-91.06
bevRightArmTestFastSlow,2025-04-23 08:30:54.057,87107.0,0.2,-0.34,0.85,65.37,-14.56,66.31,18.37,-30.69,-14.88,1.44,-17.94,-97.0
bevRightArmTestFastSlow,2025-04-23 08:30:54.172,87217.0,-1.31,-0.4,1.5,30.0,2.81,71.5,14.19,-33.38,-11.06,356.88,-11.38,-100.69
bevRightArmTestFastSlow,2025-04-23 08:30:54.282,87326.0,-0.52,2.01,0.9,-24.62,15.75,30.87,10.19,-35.56,-9.5,350.75,-6.19,-99.75
bevRightArmTestFastSlow,2025-04-23 08:30:54.389,87438.0,0.54,1.67,-0.59,-59.69,9.06,-25.25,9.0,-34.88,-11.5,349.13,-6.44,-95.25
bevRightArmTestFastSlow,2025-04-23 08:30:54.490,87548.0,0.6,1.51,0.0,-82.87,8.31,-40.25,10.06,-33.38,-14.38,349.0,-9.75,-88.37
bevRightArmTestFastSlow,2025-04-23 08:30:54.607,87659.0,0.69,1.2,-1.46,-88.12,-24.12,-69.75,14.5,-29.69,-20.19,354.56,-15.94,-78.31
bevRightArmTestFastSlow,2025-04-23 08:30:54.722,87769.0,0.37,0.82,-1.54,-34.25,24.69,-80.62,17.06,-24.75,-23.37,0.25,-24.5,-72.19
bevRightArmTestFastSlow,2025-04-23 08:30:54.824,87879.0,1.05,0.05,-1.15,1.94,32.75,-72.94,21.56,-21.56,-24.06,6.13,-33.75,-71.56
bevRightArmTestFastSlow,2025-04-23 08:30:54.940,87990.0,1.46,-0.67,-1.03,36.06,-2.13,-24.69,25.5,-17.87,-21.56,10.81,-38.94,-74.75
bevRightArmTestFastSlow,2025-04-23 08:30:55.057,88100.0,1.16,-0.73,-0.35,65.87,-21.75,34.81,26.37,-18.37,-22.06,14.13,-37.94,-78.44
bevRightArmTestFastSlow,2025-04-23 08:30:55.157,88211.0,0.68,-0.52,-0.34,86.12,-28.19,91.31,23.06,-23.87,-20.37,13.19,-30.37,-85.56
bevRightArmTestFastSlow,2025-04-23 08:30:55.278,88322.0,-0.13,0.66,0.31,76.44,-24.0,91.44,18.75,-29.75,-18.0,9.06,-20.06,-93.0
bevRightArmTestFastSlow,2025-04-23 08:30:55.389,88431.0,-1.01,-0.16,0.8,52.06,13.19,57.13,12.19,-33.5,-13.88,4.13,-12.5,-99.69
bevRightArmTestFastSlow,2025-04-23 08:30:55.490,88543.0,-0.68,-0.02,1.64,-11.0,34.44,31.25,9.69,-35.75,-10.56,356.88,-7.25,-101.75
bevRightArmTestFastSlow,2025-04-23 08:30:55.606,88653.0,-0.43,-0.36,-0.32,-70.0,32.94,-8.75,8.5,-35.75,-9.75,350.44,-6.06,-97.0
bevRightArmTestFastSlow,2025-04-23 08:30:55.711,88764.0,0.45,1.74,0.1,-85.44,35.56,-29.31,9.06,-33.5,-14.69,349.44,-8.31,-88.81
bevRightArmTestFastSlow,2025-04-23 08:30:55.823,88873.0,0.19,1.58,-0.97,-95.94,-11.75,-59.38,13.25,-31.19,-20.87,352.38,-13.63,-78.56
bevRightArmTestFastSlow,2025-04-23 08:30:55.942,88983.0,0.22,0.85,-1.25,-46.38,20.56,-73.81,15.38,-25.75,-24.87,357.06,-21.0,-71.25
bevRightArmTestFastSlow,2025-04-23 08:30:56.040,89095.0,1.4,0.09,-2.05,23.06,36.25,-60.5,19.5,-22.06,-24.87,2.56,-28.94,-69.87
bevRightArmTestFastSlow,2025-04-23 08:30:56.156,89205.0,0.0,-1.67,-1.18,73.69,-9.69,-30.69,23.19,-19.75,-22.75,8.19,-34.31,-76.5
bevRightArmTestFastSlow,2025-04-23 08:30:56.258,89316.0,1.49,-0.55,-0.27,95.12,-2.13,15.94,24.25,-22.06,-20.87,15.44,-35.13,-84.56
bevRightArmTestFastSlow,2025-04-23 08:30:56.373,89425.0,0.9,-0.48,-0.12,93.75,-28.31,69.5,22.87,-25.37,-18.0,17.37,-29.94,-92.81
bevRightArmTestFastSlow,2025-04-23 08:30:56.489,89536.0,0.33,-0.33,0.6,67.81,24.25,72.56,18.37,-31.56,-12.56,13.63,-21.56,-101.25
bevRightArmTestFastSlow,2025-04-23 08:30:56.596,89647.0,-1.03,-0.36,1.03,-2.38,7.06,59.81,15.06,-34.25,-9.88,4.88,-14.06,-104.62
bevRightArmTestFastSlow,2025-04-23 08:30:56.712,89757.0,-1.15,-1.68,1.08,-57.19,35.56,31.69,11.38,-35.5,-7.25,356.31,-8.69,-101.25
bevRightArmTestFastSlow,2025-04-23 08:30:56.821,89868.0,-0.73,2.39,-0.59,-67.62,20.19,-9.06,9.5,-34.38,-11.38,351.81,-7.88,-94.12
bevRightArmTestFastSlow,2025-04-23 08:30:56.923,89977.0,0.05,2.54,0.31,-100.81,62.44,-57.44,10.56,-33.25,-16.75,350.63,-12.31,-84.94
bevRightArmTestFastSlow,2025-04-23 08:30:57.039,90088.0,0.67,1.17,-2.18,-106.94,-27.75,-82.19,16.56,-28.06,-21.25,355.5,-20.0,-71.56
bevRightArmTestFastSlow,2025-04-23 08:30:57.139,90199.0,0.74,0.85,-2.85,-11.31,52.56,-79.25,18.37,-22.5,-25.5,0.56,-28.37,-65.94
bevRightArmTestFastSlow,2025-04-23 08:30:57.261,90309.0,0.88,-0.6,-1.57,60.88,42.06,-61.81,22.87,-18.37,-25.37,6.5,-37.31,-70.81
bevRightArmTestFastSlow,2025-04-23 08:30:57.376,90421.0,2.39,-1.22,-1.18,87.56,-29.62,12.44,27.69,-19.19,-20.37,13.13,-39.56,-79.06
bevRightArmTestFastSlow,2025-04-23 08:30:57.481,90530.0,1.19,-1.15,-0.95,104.56,-21.44,69.06,24.56,-21.69,-17.56,15.63,-34.25,-87.19
bevRightArmTestFastSlow,2025-04-23 08:30:57.595,90640.0,1.07,1.96,1.62,106.06,26.75,97.5,21.25,-29.06,-15.19,12.63,-23.94,-98.81
bevRightArmTestFastSlow,2025-04-23 08:30:57.707,90752.0,-1.85,-1.87,2.16,-8.25,-5.5,59.81,15.25,-33.56,-10.25,3.5,-15.06,-104.5
bevRightArmTestFastSlow,2025-04-23 08:30:57.809,90862.0,-0.77,1.53,0.16,-53.44,29.06,38.75,11.25,-36.0,-8.69,354.63,-9.63,-100.31
bevRightArmTestFastSlow,2025-04-23 08:30:57.929,90973.0,-1.05,-0.38,0.05,-81.06,27.62,-9.06,10.5,-34.69,-13.56,349.88,-8.44,-93.0
bevRightArmTestFastSlow,2025-04-23 08:30:58.023,91082.0,0.0,1.88,-0.25,-92.69,30.37,-57.44,11.56,-32.38,-16.87,348.75,-12.88,-84.12
bevRightArmTestFastSlow,2025-04-23 08:30:58.139,91192.0,0.66,1.73,-1.02,-89.5,-4.81,-78.06,16.06,-27.87,-21.0,353.69,-19.75,-73.06
bevRightArmTestFastSlow,2025-04-23 08:30:58.256,91303.0,0.88,0.76,-2.27,-32.94,36.5,-76.25,18.56,-21.56,-25.0,0.12,-27.0,-64.69
bevRightArmTestFastSlow,2025-04-23 08:30:58.356,91414.0,2.33,0.16,-2.23,27.87,40.44,-26.12,22.37,-18.25,-26.69,3.5,-34.31,-65.62
bevRightArmTestFastSlow,2025-04-23 08:30:58.478,91525.0,1.11,-0.31,-0.89,27.31,-12.5,-16.37,25.25,-16.87,-23.87,6.0,-36.0,-68.75
bevRightArmTestFastSlow,2025-04-23 08:30:58.589,91634.0,0.38,-0.7,-0.79,40.38,-28.25,-0.88,24.56,-18.0,-23.0,9.63,-35.88,-71.31
bevRightArmTestFastSlow,2025-04-23 08:30:58.690,91745.0,0.58,-0.01,-0.25,71.81,-13.75,21.69,23.87,-19.75,-22.19,13.0,-33.81,-76.25
bevRightArmTestFastSlow,2025-04-23 08:30:58.805,91855.0,-0.25,-0.76,0.35,74.0,1.88,35.94,22.37,-22.06,-22.19,13.63,-30.44,-83.62
bevRightArmTestFastSlow,2025-04-23 08:30:58.911,91966.0,-0.14,-0.29,0.71,58.44,-8.81,57.88,20.87,-26.5,-18.06,11.94,-25.06,-90.69
bevRightArmTestFastSlow,2025-04-23 08:30:59.023,92077.0,-0.15,0.01,0.68,33.81,10.81,54.38,16.5,-31.69,-13.88,7.44,-19.19,-95.69
bevRightArmTestFastSlow,2025-04-23 08:30:59.138,92186.0,-0.75,-0.5,0.26,3.94,9.63,37.63,13.06,-32.56,-13.06,1.56,-14.31,-97.37
bevRightArmTestFastSlow,2025-04-23 08:30:59.241,92297.0,-0.38,-0.29,-0.11,-12.81,23.94,12.19,12.38,-33.56,-11.38,356.38,-11.75,-97.31
bevRightArmTestFastSlow,2025-04-23 08:30:59.356,92407.0,0.17,0.18,-0.49,-38.25,17.25,-8.06,12.38,-34.0,-12.56,353.56,-11.56,-94.75
bevRightArmTestFastSlow,2025-04-23 08:30:59.473,92518.0,0.05,0.16,-0.69,-55.0,16.56,-29.5,13.06,-34.0,-14.25,352.31,-13.56,-89.81
bevRightArmTestFastSlow,2025-04-23 08:30:59.573,92628.0,0.01,0.34,-0.51,-64.12,0.37,-44.75,16.75,-30.19,-17.19,353.88,-17.69,-83.44
bevRightArmTestFastSlow,2025-04-23 08:30:59.694,92739.0,0.43,0.76,-0.79,-62.5,-7.06,-50.75,18.25,-26.06,-21.25,357.94,-22.62,-76.06
bevRightArmTestFastSlow,2025-04-23 08:30:59.789,92849.0,0.21,0.57,-0.84,-54.75,-5.63,-55.19,20.5,-22.75,-23.75,2.0,-27.81,-68.75
bevRightArmTestFastSlow,2025-04-23 08:30:59.906,92959.0,0.54,0.05,-1.18,-24.06,10.94,-39.69,21.25,-18.69,-25.37,5.38,-32.5,-63.63
bevRightArmTestFastSlow,2025-04-23 08:31:00.024,93071.0,0.54,-0.13,-0.86,-9.06,10.94,-23.81,22.37,-15.75,-25.75,7.38,-35.81,-61.63
bevRightArmTestFastSlow,2025-04-23 08:31:00.123,93181.0,0.0,0.04,-0.69,3.06,11.94,-21.06,25.0,-12.75,-26.19,8.94,-38.38,-61.25
bevRightArmTestFastSlow,2025-04-23 08:31:00.239,93291.0,-0.44,0.02,-0.34,14.25,8.69,-19.56,25.69,-12.06,-24.87,10.94,-41.0,-62.81
bevRightArmTestFastSlow,2025-04-23 08:31:00.339,93401.0,0.22,-0.82,-0.68,16.5,-3.5,-19.12,26.06,-12.06,-24.87,14.19,-42.81,-62.63
bevRightArmTestFastSlow,2025-04-23 08:31:00.464,93512.0,0.63,-0.69,-0.51,49.13,-12.25,3.31,26.5,-11.69,-24.87,17.44,-43.06,-65.56
bevRightArmTestFastSlow,2025-04-23 08:31:00.572,93623.0,0.71,-0.66,-0.09,42.69,-23.87,39.88,25.69,-13.88,-23.75,19.12,-40.44,-69.81
bevRightArmTestFastSlow,2025-04-23 08:31:00.674,93733.0,0.27,-0.43,0.55,53.38,6.56,77.94,22.75,-18.69,-23.75,15.88,-33.5,-74.75
bevRightArmTestFastSlow,2025-04-23 08:31:00.789,93843.0,-0.54,0.29,-0.33,60.63,-7.63,71.75,19.37,-24.25,-21.25,11.0,-25.37,-81.62
bevRightArmTestFastSlow,2025-04-23 08:31:00.906,93954.0,-0.84,0.0,0.02,48.5,15.0,55.88,17.25,-28.37,-18.06,5.44,-19.06,-88.31
bevRightArmTestFastSlow,2025-04-23 08:31:01.006,94064.0,-0.33,0.43,0.14,26.19,15.06,40.38,14.25,-31.69,-16.0,0.19,-13.69,-92.44
bevRightArmTestFastSlow,2025-04-23 08:31:01.122,94175.0,-0.6,0.13,0.04,2.88,24.69,21.12,11.69,-33.56,-13.56,354.94,-10.38,-94.56
bevRightArmTestFastSlow,2025-04-23 08:31:01.223,94285.0,-0.5,0.6,-0.08,-36.13,30.31,-17.69,11.38,-34.0,-14.75,352.06,-10.63,-93.12
bevRightArmTestFastSlow,2025-04-23 08:31:01.339,94396.0,0.7,0.25,-0.79,-69.69,29.0,-44.5,13.88,-32.75,-15.19,351.13,-14.13,-87.69
bevRightArmTestFastSlow,2025-04-23 08:31:01.455,94505.0,0.44,1.19,-1.13,-64.06,-20.12,-46.19,16.56,-28.75,-19.69,354.38,-19.25,-80.19
bevRightArmTestFastSlow,2025-04-23 08:31:01.562,94616.0,-0.14,1.01,-0.77,-53.94,-0.12,-58.44,18.56,-25.37,-21.75,358.38,-24.37,-73.31
bevRightArmTestFastSlow,2025-04-23 08:31:01.673,94727.0,0.59,0.45,-0.71,-45.06,12.0,-66.94,22.0,-21.0,-23.87,3.19,-31.12,-67.19
bevRightArmTestFastSlow,2025-04-23 08:31:01.788,94837.0,0.69,0.26,-1.24,-30.37,2.0,-53.13,23.5,-15.38,-25.87,7.75,-37.0,-61.31
bevRightArmTestFastSlow,2025-04-23 08:31:01.890,94948.0,0.2,0.03,-0.88,0.25,15.75,-40.31,25.0,-12.06,-26.25,11.19,-42.19,-59.56
bevRightArmTestFastSlow,2025-04-23 08:31:02.005,95057.0,-0.02,-0.41,-0.55,29.19,1.56,-12.94,27.19,-10.56,-24.19,14.69,-45.38,-59.81
bevRightArmTestFastSlow,2025-04-23 08:31:02.112,95168.0,0.71,-0.22,-0.06,32.19,17.06,-12.38,27.56,-9.5,-25.87,17.69,-45.69,-61.94
bevRightArmTestFastSlow,2025-04-23 08:31:02.223,95280.0,0.93,-1.1,-0.71,38.63,-16.87,13.44,27.19,-10.56,-24.19,19.94,-45.06,-64.19
bevRightArmTestFastSlow,2025-04-23 08:31:02.339,95390.0,0.01,-0.69,-0.16,51.31,-7.94,39.25,26.06,-13.5,-23.87,20.06,-42.06,-69.62
bevRightArmTestFastSlow,2025-04-23 08:31:02.440,95500.0,0.06,-0.16,0.25,62.63,10.56,39.06,24.0,-18.69,-22.56,19.06,-37.94,-76.62
bevRightArmTestFastSlow,2025-04-23 08:31:02.556,95609.0,-0.23,0.13,-0.41,47.44,7.06,64.44,23.5,-21.69,-20.5,15.69,-32.5,-84.31
bevRightArmTestFastSlow,2025-04-23 08:31:02.670,95721.0,-0.57,0.22,-0.32,53.5,17.12,64.62,21.25,-26.5,-17.25,10.25,-25.06,-90.56
bevRightArmTestFastSlow,2025-04-23 08:31:02.772,95832.0,-0.84,-0.01,0.49,29.94,23.5,37.31,18.37,-30.19,-14.38,4.75,-19.56,-95.37
bevRightArmTestFastSlow,2025-04-23 08:31:02.892,95942.0,0.06,0.07,0.06,-6.88,22.69,25.81,15.38,-32.69,-12.69,359.19,-16.06,-96.81
bevRightArmTestFastSlow,2025-04-23 08:31:02.989,96052.0,-0.27,0.44,-0.87,-39.06,10.75,9.25,15.38,-32.38,-10.75,354.38,-14.06,-94.31
bevRightArmTestFastSlow,2025-04-23 08:31:03.108,96162.0,0.0,0.24,-0.64,-52.5,14.94,-22.0,15.06,-32.0,-14.06,352.63,-15.25,-89.62
bevRightArmTestFastSlow,2025-04-23 08:31:03.221,96273.0,0.39,0.69,-0.58,-66.37,-9.56,-39.56,16.5,-30.06,-17.0,354.13,-18.75,-83.37
bevRightArmTestFastSlow,2025-04-23 08:31:03.327,96384.0,-0.14,0.94,-0.46,-71.19,-6.81,-55.63,18.37,-27.19,-19.0,357.69,-23.56,-75.19
bevRightArmTestFastSlow,2025-04-23 08:31:03.440,96494.0,-0.27,0.88,-1.09,-60.06,3.19,-67.25,20.56,-20.5,-25.5,2.25,-29.81,-66.81
bevRightArmTestFastSlow,2025-04-23 08:31:03.539,96604.0,0.81,0.28,-1.26,-21.0,26.12,-71.69,25.06,-15.25,-24.69,7.56,-37.88,-61.88
bevRightArmTestFastSlow,2025-04-23 08:31:03.662,96714.0,0.8,-0.43,-0.82,-8.69,7.25,-37.63,27.25,-12.0,-24.75,11.44,-43.44,-59.94
bevRightArmTestFastSlow,2025-04-23 08:31:03.773,96825.0,0.59,-0.46,-0.96,9.06,9.13,-19.06,28.06,-9.0,-24.0,13.94,-46.06,-58.75
bevRightArmTestFastSlow,2025-04-23 08:31:03.872,96935.0,0.89,-0.87,-0.78,13.31,-21.0,6.44,27.69,-8.19,-24.0,15.63,-46.5,-59.44
bevRightArmTestFastSlow,2025-04-23 08:31:03.989,97046.0,-0.08,-0.73,-0.52,32.19,-41.81,29.0,26.56,-9.69,-25.56,16.12,-42.69,-60.5
bevRightArmTestFastSlow,2025-04-23 08:31:04.105,97156.0,-0.4,-0.21,-0.19,50.38,-11.75,29.56,25.37,-12.0,-25.56,16.25,-39.31,-65.37
bevRightArmTestFastSlow,2025-04-23 08:31:04.212,97266.0,0.19,-0.41,-0.37,62.06,-15.31,38.13,22.87,-16.37,-25.56,16.44,-35.19,-70.75
bevRightArmTestFastSlow,2025-04-23 08:31:04.322,97377.0,0.26,-0.16,-0.23,60.88,-14.31,45.81,21.69,-19.69,-23.5,15.69,-30.37,-77.5
bevRightArmTestFastSlow,2025-04-23 08:31:04.423,97488.0,0.1,-0.32,-0.19,60.63,6.5,53.69,18.69,-24.5,-21.5,12.81,-25.06,-84.56
bevRightArmTestFastSlow,2025-04-23 08:31:04.538,97599.0,-0.86,0.04,0.1,55.63,13.75,56.44,16.19,-29.75,-16.5,8.06,-19.06,-91.31
bevRightArmTestFastSlow,2025-04-23 08:31:04.658,97709.0,-0.79,0.04,0.35,36.81,13.5,31.94,13.88,-33.19,-13.69,3.81,-15.19,-96.62
bevRightArmTestFastSlow,2025-04-23 08:31:04.760,97818.0,-0.05,0.08,0.2,-11.56,29.06,5.38,12.5,-34.25,-10.38,0.0,-13.38,-97.94
bevRightArmTestFastSlow,2025-04-23 08:31:04.873,97930.0,0.08,0.51,-0.3,-49.13,18.37,-8.31,12.56,-33.19,-10.38,356.5,-13.19,-94.81
bevRightArmTestFastSlow,2025-04-23 08:31:04.988,98040.0,0.22,0.2,-0.56,-56.75,3.63,-10.25,13.69,-32.75,-13.25,354.44,-14.0,-89.56
bevRightArmTestFastSlow,2025-04-23 08:31:05.090,98151.0,0.25,1.07,-0.51,-63.06,14.5,-27.0,14.38,-30.56,-17.75,355.0,-15.69,-83.06
bevRightArmTestFastSlow,2025-04-23 08:31:05.209,98260.0,0.14,0.62,-0.5,-72.75,3.25,-45.44,16.69,-28.0,-20.25,355.81,-19.94,-76.12
bevRightArmTestFastSlow,2025-04-23 08:31:05.321,98371.0,0.39,0.56,-1.0,-68.0,13.5,-58.38,18.75,-23.19,-24.25,358.88,-25.62,-68.06
bevRightArmTestFastSlow,2025-04-23 08:31:05.424,98482.0,0.25,0.48,-1.3,-53.94,13.75,-65.19,21.75,-18.69,-24.75,2.63,-32.38,-60.38
bevRightArmTestFastSlow,2025-04-23 08:31:05.539,98592.0,0.46,0.04,-1.37,-8.63,36.5,-46.19,24.37,-12.75,-27.19,6.0,-39.06,-56.94
bevRightArmTestFastSlow,2025-04-23 08:31:05.639,98703.0,0.62,-0.11,-1.17,6.44,9.25,-31.69,26.87,-9.06,-25.56,8.94,-43.5,-57.25
bevRightArmTestFastSlow,2025-04-23 08:31:05.760,98812.0,0.92,-0.8,-0.83,27.56,-24.75,7.13,27.75,-8.25,-25.56,11.44,-44.06,-57.25
bevRightArmTestFastSlow,2025-04-23 08:31:05.856,98923.0,0.45,-0.61,-0.01,52.44,-15.81,32.13,26.25,-10.56,-25.56,12.19,-40.31,-61.5
bevRightArmTestFastSlow,2025-04-23 08:31:05.972,99034.0,-0.02,-0.04,-0.11,58.31,-15.69,43.81,24.37,-14.25,-26.0,11.75,-36.31,-67.87
bevRightArmTestFastSlow,2025-04-23 08:31:06.088,99144.0,-0.14,0.04,-0.07,60.06,-13.06,50.31,23.25,-18.37,-24.25,10.81,-30.94,-74.06
bevRightArmTestFastSlow,2025-04-23 08:31:06.190,99256.0,0.17,-0.14,-0.25,58.94,1.37,48.44,19.06,-24.56,-21.5,8.44,-25.81,-80.87
bevRightArmTestFastSlow,2025-04-23 08:31:06.306,99365.0,0.34,-0.17,-0.17,42.88,10.13,68.06,16.87,-28.87,-18.56,2.88,-19.37,-86.75
bevRightArmTestFastSlow,2025-04-23 08:31:06.423,99475.0,-1.16,0.08,0.13,15.38,20.0,52.25,15.06,-31.75,-16.19,356.31,-12.69,-89.19
bevRightArmTestFastSlow,2025-04-23 08:31:06.522,99587.0,-0.52,0.31,-0.05,-11.69,34.19,2.81,12.19,-32.56,-16.19,350.5,-9.94,-90.12
bevRightArmTestFastSlow,2025-04-23 08:31:06.640,99697.0,0.19,-0.38,-0.36,-33.38,0.37,8.88,12.06,-32.88,-15.38,347.56,-9.5,-87.75
bevRightArmTestFastSlow,2025-04-23 08:31:06.755,99808.0,-0.42,0.98,-0.21,-31.25,-6.19,-7.31,11.38,-31.75,-17.5,346.69,-9.06,-84.62
bevRightArmTestFastSlow,2025-04-23 08:31:06.857,99917.0,-0.07,0.96,-0.47,-54.69,10.81,-40.56,12.75,-30.69,-19.06,348.5,-11.88,-79.94
bevRightArmTestFastSlow,2025-04-23 08:31:06.972,100027.0,0.42,1.07,-0.67,-75.44,24.37,-77.5,15.06,-28.06,-22.75,352.31,-18.69,-72.62
bevRightArmTestFastSlow,2025-04-23 08:31:07.074,100139.0,0.52,0.75,-1.67,-60.06,14.06,-80.87,18.69,-22.56,-25.06,357.44,-27.37,-64.44
bevRightArmTestFastSlow,2025-04-23 08:31:07.188,100249.0,1.1,-0.2,-0.98,-35.5,25.5,-55.44,22.87,-17.0,-26.06,1.81,-34.94,-58.88
bevRightArmTestFastSlow,2025-04-23 08:31:07.305,100360.0,0.69,-0.31,-1.25,-19.19,-4.69,-19.37,25.75,-11.75,-26.87,3.81,-38.38,-55.31
bevRightArmTestFastSlow,2025-04-23 08:31:07.406,100469.0,0.52,-0.25,-1.19,7.31,18.94,-12.0,27.25,-9.88,-26.5,4.69,-40.56,-55.38
bevRightArmTestFastSlow,2025-04-23 08:31:07.525,100579.0,0.24,-1.27,-0.63,33.5,-8.06,9.88,27.69,-9.88,-26.06,5.44,-40.56,-59.19
bevRightArmTestFastSlow,2025-04-23 08:31:07.622,100690.0,0.1,-0.58,-0.07,62.0,-6.81,33.63,26.19,-11.38,-23.56,5.5,-38.5,-66.06
bevRightArmTestFastSlow,2025-04-23 08:31:07.739,100801.0,0.12,-0.07,-0.2,59.38,-16.87,57.75,26.19,-16.19,-24.37,4.69,-33.0,-72.0
bevRightArmTestFastSlow,2025-04-23 08:31:07.855,100912.0,0.0,0.14,-0.2,66.81,-5.44,75.56,20.19,-22.56,-21.56,0.56,-25.44,-79.31
bevRightArmTestFastSlow,2025-04-23 08:31:07.955,101021.0,-0.18,-0.09,0.23,66.0,10.44,73.87,18.37,-28.19,-18.69,354.56,-17.31,-86.87
bevRightArmTestFastSlow,2025-04-23 08:31:08.073,101132.0,-0.82,-0.37,1.11,41.88,48.63,54.5,15.19,-32.19,-14.56,345.5,-10.13,-93.19
bevRightArmTestFastSlow,2025-04-23 08:31:08.186,101242.0,-0.74,0.48,0.21,-22.87,23.5,14.06,12.75,-34.06,-12.56,338.69,-7.06,-94.25
bevRightArmTestFastSlow,2025-04-23 08:31:08.288,101354.0,-0.13,0.18,-0.42,-50.75,-6.75,-8.13,13.19,-34.38,-13.0,338.19,-6.75,-90.12
bevRightArmTestFastSlow,2025-04-23 08:31:08.406,101465.0,0.08,0.25,-0.63,-55.19,11.94,-31.75,12.75,-32.88,-16.69,339.0,-9.38,-84.56
bevRightArmTestFastSlow,2025-04-23 08:31:08.506,101574.0,0.97,0.58,-0.95,-46.94,7.19,-43.88,15.38,-29.56,-17.5,342.06,-13.88,-78.94
bevRightArmTestFastSlow,2025-04-23 08:31:08.621,101685.0,0.66,0.83,-1.85,-39.5,-9.13,-40.13,18.37,-26.19,-22.0,345.44,-18.37,-74.31
bevRightArmTestFastSlow,2025-04-23 08:31:08.738,101795.0,0.34,0.28,-0.95,-28.56,10.13,-46.25,20.19,-24.37,-23.56,348.81,-22.87,-70.25
bevRightArmTestFastSlow,2025-04-23 08:31:08.847,101906.0,0.38,0.31,-0.88,-34.63,-5.56,-50.69,21.37,-21.75,-22.75,353.06,-27.87,-65.81
bevRightArmTestFastSlow,2025-04-23 08:31:08.956,102017.0,0.32,-0.27,-0.78,-18.31,11.94,-48.63,24.25,-16.56,-26.5,357.19,-33.19,-62.0
bevRightArmTestFastSlow,2025-04-23 08:31:09.072,102126.0,0.11,-0.35,-0.42,-2.88,9.38,-34.75,25.37,-13.19,-24.87,0.5,-37.5,-60.31
bevRightArmTestFastSlow,2025-04-23 08:31:09.172,102237.0,0.45,0.18,-0.51,0.81,-5.69,-35.0,27.75,-11.06,-25.19,4.25,-41.19,-59.38
bevRightArmTestFastSlow,2025-04-23 08:31:09.289,102347.0,0.23,-0.8,-0.49,17.62,-7.94,-12.88,26.69,-10.25,-24.87,7.56,-42.63,-57.94
bevRightArmTestFastSlow,2025-04-23 08:31:09.404,102458.0,0.77,-0.92,-0.69,39.38,1.37,7.13,26.19,-9.88,-24.87,9.88,-42.44,-60.06
bevRightArmTestFastSlow,2025-04-23 08:31:09.507,102568.0,0.0,-0.48,0.35,51.75,-28.44,40.25,25.5,-13.56,-25.19,10.19,-39.25,-65.37
bevRightArmTestFastSlow,2025-04-23 08:31:09.621,102678.0,-0.53,-0.22,0.27,63.0,5.06,62.63,23.25,-17.37,-23.56,7.19,-33.31,-73.0
bevRightArmTestFastSlow,2025-04-23 08:31:09.727,102788.0,-0.7,0.29,-0.18,47.63,18.12,62.69,22.06,-23.25,-21.25,1.81,-26.5,-80.12
bevRightArmTestFastSlow,2025-04-23 08:31:09.839,102899.0,-1.05,0.31,0.16,33.69,15.38,42.38,18.75,-26.56,-18.37,356.38,-21.12,-85.5
bevRightArmTestFastSlow,2025-04-23 08:31:09.955,103010.0,0.13,-0.06,-0.71,15.75,10.94,27.06,17.37,-28.87,-16.25,352.56,-17.81,-88.75
bevRightArmTestFastSlow,2025-04-23 08:31:10.065,103120.0,-0.09,-0.35,-0.42,6.5,13.06,22.81,16.69,-31.37,-15.06,348.88,-15.0,-90.56
bevRightArmTestFastSlow,2025-04-23 08:31:10.172,103230.0,-0.32,0.04,-0.32,-8.19,16.81,11.5,15.88,-31.75,-15.06,345.69,-13.31,-90.94
bevRightArmTestFastSlow,2025-04-23 08:31:10.272,103341.0,0.58,-0.3,-0.98,-30.19,5.75,-11.5,15.5,-32.88,-15.06,344.44,-13.25,-88.94
bevRightArmTestFastSlow,2025-04-23 08:31:10.388,103451.0,0.35,-0.25,-0.68,-42.56,4.25,-21.12,16.69,-31.06,-15.06,344.19,-15.25,-85.37
bevRightArmTestFastSlow,2025-04-23 08:31:10.505,103562.0,0.84,0.33,-0.6,-62.0,-19.81,-16.19,18.19,-30.69,-18.0,345.0,-16.69,-80.19
bevRightArmTestFastSlow,2025-04-23 08:31:10.609,103672.0,0.26,1.12,-0.92,-40.44,-20.62,-26.19,18.19,-26.56,-21.69,347.69,-18.25,-73.69
bevRightArmTestFastSlow,2025-04-23 08:31:10.723,103783.0,0.52,0.83,-0.69,-29.25,3.88,-36.94,18.75,-24.0,-24.19,350.06,-21.19,-70.75
bevRightArmTestFastSlow,2025-04-23 08:31:10.839,103892.0,0.55,0.29,-0.63,-30.31,-1.25,-37.38,20.25,-21.25,-25.75,353.0,-24.62,-66.94
bevRightArmTestFastSlow,2025-04-23 08:31:10.939,104003.0,0.26,0.34,-0.47,-33.38,-0.81,-45.31,21.5,-18.37,-25.75,356.31,-28.56,-62.63
bevRightArmTestFastSlow,2025-04-23 08:31:11.059,104115.0,0.35,0.29,-0.64,-25.19,3.5,-41.63,21.5,-14.56,-26.56,359.63,-32.5,-58.38
bevRightArmTestFastSlow,2025-04-23 08:31:11.170,104225.0,-0.17,-0.2,-0.4,-11.69,9.75,-32.56,24.06,-11.25,-27.75,2.31,-36.06,-55.63
bevRightArmTestFastSlow,2025-04-23 08:31:11.278,104335.0,0.23,-0.65,-0.08,0.06,19.81,-28.12,24.75,-9.75,-26.56,4.44,-38.75,-55.13
bevRightArmTestFastSlow,2025-04-23 08:31:11.388,104444.0,0.12,-0.37,-0.3,-12.44,6.06,-25.19,25.87,-8.25,-26.19,6.5,-41.75,-53.25
bevRightArmTestFastSlow,2025-04-23 08:31:11.489,104555.0,1.41,-0.69,-1.32,23.19,-6.81,14.19,26.69,-6.5,-25.75,7.56,-42.5,-53.44
bevRightArmTestFastSlow,2025-04-23 08:31:11.604,104666.0,0.03,-1.4,-0.36,48.81,-23.69,36.13,25.87,-8.0,-27.37,7.31,-38.75,-56.75
bevRightArmTestFastSlow,2025-04-23 08:31:11.705,104776.0,0.04,-0.74,0.45,54.75,-3.38,31.44,23.25,-13.06,-27.0,6.75,-35.56,-63.88
bevRightArmTestFastSlow,2025-04-23 08:31:11.823,104887.0,-0.09,0.11,0.35,47.88,-1.63,49.81,21.75,-16.06,-25.0,4.5,-31.37,-70.81
bevRightArmTestFastSlow,2025-04-23 08:31:11.939,104996.0,0.11,0.02,-0.51,61.38,7.69,64.44,20.69,-20.56,-22.5,359.81,-25.56,-78.31
bevRightArmTestFastSlow,2025-04-23 08:31:12.038,105108.0,-1.04,0.12,0.58,50.13,13.44,45.38,19.19,-25.0,-21.25,354.38,-19.81,-86.06
bevRightArmTestFastSlow,2025-04-23 08:31:12.156,105219.0,-0.04,-0.38,0.06,18.69,9.06,27.44,17.37,-29.06,-16.75,350.19,-16.44,-90.37
bevRightArmTestFastSlow,2025-04-23 08:31:12.271,105329.0,-0.48,0.1,-0.17,-4.19,9.13,22.87,16.37,-30.19,-15.06,346.81,-13.81,-90.94
bevRightArmTestFastSlow,2025-04-23 08:31:12.383,105439.0,-0.12,0.05,-0.44,-7.06,1.94,9.0,15.56,-31.25,-15.5,344.94,-12.56,-90.62
bevRightArmTestFastSlow,2025-04-23 08:31:12.488,105548.0,-0.06,0.18,-0.18,-12.88,5.13,2.38,16.37,-31.0,-15.06,343.81,-12.19,-89.69
bevRightArmTestFastSlow,2025-04-23 08:31:12.604,105660.0,0.11,-0.29,-0.21,-16.31,6.44,0.69,15.25,-31.69,-15.88,342.75,-12.06,-88.37
bevRightArmTestFastSlow,2025-04-23 08:31:12.706,105771.0,0.47,0.03,-0.61,-21.62,-2.81,1.37,17.06,-31.0,-16.25,341.94,-11.63,-86.75
bevRightArmTestFastSlow,2025-04-23 08:31:12.821,105881.0,0.08,0.19,-0.36,-25.31,5.06,-4.25,15.56,-29.87,-16.69,341.31,-11.69,-84.69
bevRightArmTestFastSlow,2025-04-23 08:31:12.923,105991.0,0.0,0.22,-0.26,-26.75,-7.06,-12.31,16.37,-28.75,-18.37,342.19,-12.5,-81.87
bevRightArmTestFastSlow,2025-04-23 08:31:13.038,106101.0,0.19,0.38,-0.16,-31.12,3.0,-31.75,16.75,-28.0,-22.06,344.06,-15.19,-78.87
bevRightArmTestFastSlow,2025-04-23 08:31:13.154,106212.0,0.32,0.07,-0.34,-36.88,-2.94,-30.81,18.56,-25.75,-21.69,346.75,-18.44,-74.75
bevRightArmTestFastSlow,2025-04-23 08:31:13.256,106322.0,0.1,0.25,-0.39,-32.13,3.31,-33.81,19.69,-23.56,-24.19,348.94,-21.44,-71.25
bevRightArmTestFastSlow,2025-04-23 08:31:13.372,106434.0,0.25,0.29,-0.44,-34.0,7.44,-43.19,21.56,-20.19,-24.5,351.63,-25.44,-67.56
bevRightArmTestFastSlow,2025-04-23 08:31:13.480,106544.0,0.13,-0.13,-0.44,-42.19,5.44,-44.13,22.69,-16.5,-26.56,354.44,-30.19,-62.63
bevRightArmTestFastSlow,2025-04-23 08:31:13.588,106653.0,0.24,-0.72,-0.43,-10.88,12.88,-27.25,23.37,-12.06,-26.56,356.69,-33.63,-59.19
bevRightArmTestFastSlow,2025-04-23 08:31:13.705,106765.0,0.21,-0.55,-0.32,-7.06,7.56,-23.69,26.0,-11.0,-26.56,358.38,-36.75,-58.44
bevRightArmTestFastSlow,2025-04-23 08:31:13.805,106875.0,0.0,-1.3,-0.63,16.0,-15.94,-2.25,26.0,-9.5,-26.19,0.25,-37.5,-57.06
bevRightArmTestFastSlow,2025-04-23 08:31:13.922,106986.0,0.39,-0.96,0.11,51.75,-15.25,14.94,25.0,-9.38,-26.19,2.0,-36.06,-60.5
bevRightArmTestFastSlow,2025-04-23 08:31:14.038,107096.0,0.27,-0.69,0.42,52.25,-24.75,34.13,24.25,-13.0,-26.56,2.69,-32.56,-65.69
bevRightArmTestFastSlow,2025-04-23 08:31:14.138,107206.0,-0.47,-0.12,0.21,58.06,-12.0,52.88,21.69,-16.37,-26.19,1.12,-27.25,-71.75
bevRightArmTestFastSlow,2025-04-23 08:31:14.255,107317.0,-0.3,0.03,0.75,56.38,9.44,47.94,19.0,-21.0,-25.0,357.94,-21.87,-78.44
bevRightArmTestFastSlow,2025-04-23 08:31:14.355,107427.0,-0.57,0.0,0.61,34.19,9.13,38.19,17.56,-25.75,-20.87,354.13,-17.81,-83.56
bevRightArmTestFastSlow,2025-04-23 08:31:14.472,107538.0,-0.68,-0.05,0.41,19.25,8.25,31.75,15.69,-28.0,-18.87,350.69,-14.31,-86.06
bevRightArmTestFastSlow,2025-04-23 08:31:14.590,107648.0,-0.66,-0.51,0.13,7.44,15.69,10.0,15.69,-30.19,-18.5,348.25,-12.88,-87.31
bevRightArmTestFastSlow,2025-04-23 08:31:14.693,107758.0,-0.47,-0.09,0.13,-11.94,9.31,0.12,15.38,-30.19,-18.06,346.94,-12.69,-87.19
bevRightArmTestFastSlow,2025-04-23 08:31:14.807,107869.0,0.21,0.0,-0.04,-18.87,6.13,0.56,14.5,-30.87,-18.87,346.13,-12.5,-85.44
bevRightArmTestFastSlow,2025-04-23 08:31:14.921,107979.0,0.28,0.15,-0.1,-23.0,-6.13,-2.69,14.56,-29.75,-19.25,345.38,-12.56,-83.31
bevRightArmTestFastSlow,2025-04-23 08:31:15.030,108090.0,0.39,0.27,-0.47,-40.0,-3.81,-15.63,16.06,-27.87,-20.56,346.06,-13.19,-80.0
bevRightArmTestFastSlow,2025-04-23 08:31:15.139,108199.0,-0.09,0.39,-0.15,-36.88,1.69,-19.81,15.69,-26.75,-23.37,347.06,-14.94,-75.94
bevRightArmTestFastSlow,2025-04-23 08:31:15.238,108310.0,0.33,0.53,-0.57,-35.94,2.13,-25.37,18.0,-24.87,-24.56,348.31,-17.5,-72.69
bevRightArmTestFastSlow,2025-04-23 08:31:15.355,108421.0,0.19,0.26,-0.44,-29.0,14.19,-27.75,19.0,-22.0,-26.25,349.5,-20.37,-69.31
bevRightArmTestFastSlow,2025-04-23 08:31:15.470,108531.0,0.1,0.08,-0.45,-25.44,15.38,-33.06,21.25,-20.06,-26.69,350.94,-23.94,-66.56
bevRightArmTestFastSlow,2025-04-23 08:31:15.572,108643.0,0.0,-0.13,-0.33,-23.75,10.25,-37.19,23.19,-16.75,-26.69,353.0,-28.0,-64.0
bevRightArmTestFastSlow,2025-04-23 08:31:15.688,108752.0,0.3,-0.45,-0.56,-12.06,12.31,-30.75,24.56,-14.19,-27.06,355.31,-31.75,-61.88
bevRightArmTestFastSlow,2025-04-23 08:31:15.788,108862.0,0.0,-0.58,-0.05,-2.88,6.69,-28.12,26.06,-12.38,-25.37,357.56,-35.13,-61.0
bevRightArmTestFastSlow,2025-04-23 08:31:15.904,108974.0,0.17,-0.62,-0.4,0.88,-6.63,-16.0,26.87,-11.19,-26.69,359.94,-37.44,-60.13
bevRightArmTestFastSlow,2025-04-23 08:31:16.022,109084.0,0.13,-0.79,-0.34,17.25,-11.75,-3.69,26.06,-9.69,-26.25,2.19,-38.06,-59.63
bevRightArmTestFastSlow,2025-04-23 08:31:16.131,109195.0,0.26,-0.82,0.23,31.75,-22.44,16.0,25.37,-10.88,-25.87,3.75,-37.0,-61.19
bevRightArmTestFastSlow,2025-04-23 08:31:16.245,109304.0,-0.07,-0.75,0.12,40.88,-15.56,24.56,23.5,-12.69,-26.25,4.38,-34.31,-64.37
bevRightArmTestFastSlow,2025-04-23 08:31:16.356,109414.0,0.35,-0.25,0.09,52.56,-13.0,45.06,22.37,-16.37,-26.25,3.69,-30.75,-69.87
bevRightArmTestFastSlow,2025-04-23 08:31:16.454,109524.0,0.11,0.19,0.48,61.13,0.37,65.44,20.19,-20.06,-25.06,0.81,-25.0,-76.62
bevRightArmTestFastSlow,2025-04-23 08:31:16.575,109635.0,-0.77,0.21,0.59,41.81,15.88,51.38,18.0,-24.19,-22.19,355.25,-18.56,-82.75
bevRightArmTestFastSlow,2025-04-23 08:31:16.688,109747.0,-0.69,-0.17,0.16,26.0,15.63,37.69,15.38,-29.0,-20.56,350.38,-14.06,-86.5
bevRightArmTestFastSlow,2025-04-23 08:31:16.789,109856.0,-0.57,0.06,0.68,18.12,14.19,17.06,13.88,-29.0,-18.06,346.81,-11.63,-89.25
bevRightArmTestFastSlow,2025-04-23 08:31:16.904,109966.0,-0.46,0.13,0.13,0.88,10.5,14.31,13.88,-31.19,-17.25,344.0,-10.19,-90.5
bevRightArmTestFastSlow,2025-04-23 08:31:17.015,110077.0,-0.29,-0.22,0.25,-13.56,8.69,2.63,13.88,-31.56,-16.87,342.19,-9.44,-89.56
bevRightArmTestFastSlow,2025-04-23 08:31:17.121,110188.0,0.0,-0.08,0.09,-21.0,4.63,-4.88,12.75,-32.0,-18.5,341.56,-9.63,-87.81
bevRightArmTestFastSlow,2025-04-23 08:31:17.231,110299.0,0.14,0.24,-0.14,-30.25,2.69,-15.63,14.56,-31.56,-17.25,341.69,-10.81,-85.31
bevRightArmTestFastSlow,2025-04-23 08:31:17.345,110408.0,0.33,0.11,-0.75,-33.75,1.63,-19.19,15.69,-29.75,-19.25,342.5,-12.19,-82.37
bevRightArmTestFastSlow,2025-04-23 08:31:17.458,110518.0,0.0,0.18,-0.04,-28.25,10.25,-30.75,16.87,-28.25,-19.69,343.69,-14.88,-79.31
bevRightArmTestFastSlow,2025-04-23 08:31:17.554,110629.0,0.42,0.37,-0.31,-40.38,-2.69,-32.94,18.37,-26.75,-22.19,346.06,-18.44,-75.44
bevRightArmTestFastSlow,2025-04-23 08:31:17.672,110740.0,0.19,0.31,-0.48,-34.44,9.25,-30.37,20.19,-22.69,-23.37,347.88,-21.44,-71.56
bevRightArmTestFastSlow,2025-04-23 08:31:17.790,110851.0,0.22,-0.15,-0.49,-27.44,17.0,-33.13,22.37,-19.69,-25.37,349.31,-25.12,-68.44
bevRightArmTestFastSlow,2025-04-23 08:31:17.896,110960.0,0.25,-0.17,-0.45,-22.94,15.56,-31.87,23.5,-17.19,-25.87,350.75,-29.0,-66.0
bevRightArmTestFastSlow,2025-04-23 08:31:18.011,111071.0,0.15,-0.18,-0.47,-8.0,8.06,-23.81,26.06,-14.88,-24.56,352.06,-32.06,-64.5
bevRightArmTestFastSlow,2025-04-23 08:31:18.122,111181.0,0.23,-0.49,-0.25,-2.94,2.75,-18.19,26.87,-13.38,-23.0,353.94,-34.5,-63.94
bevRightArmTestFastSlow,2025-04-23 08:31:18.222,111292.0,0.11,-0.69,-0.26,4.25,-17.0,-4.88,26.5,-12.38,-24.25,355.56,-35.06,-63.06
bevRightArmTestFastSlow,2025-04-23 08:31:18.337,111403.0,0.0,-0.86,0.0,25.19,-17.87,3.06,25.69,-12.38,-25.87,357.25,-34.5,-63.38
bevRightArmTestFastSlow,2025-04-23 08:31:18.439,111512.0,0.18,-0.6,0.38,36.75,-9.81,13.63,25.37,-13.75,-25.37,358.38,-33.13,-66.5
bevRightArmTestFastSlow,2025-04-23 08:31:18.554,111623.0,0.0,-0.68,0.42,37.31,-6.19,27.5,24.56,-15.25,-25.87,358.94,-31.37,-69.12
bevRightArmTestFastSlow,2025-04-23 08:31:18.660,111733.0,0.07,0.02,0.4,46.63,-4.69,44.13,22.75,-18.19,-25.87,357.38,-27.56,-73.81
bevRightArmTestFastSlow,2025-04-23 08:31:18.772,111844.0,-0.14,0.05,0.62,47.31,-18.06,61.81,21.69,-21.06,-22.56,354.25,-21.5,-78.75
bevRightArmTestFastSlow,2025-04-23 08:31:18.891,111955.0,-0.52,0.15,0.29,40.56,-17.87,44.25,16.5,-27.5,-20.56,351.5,-15.25,-82.94
bevRightArmTestFastSlow,2025-04-23 08:31:18.987,112065.0,-0.07,-0.18,0.19,38.0,-1.81,25.56,13.88,-29.75,-18.87,349.81,-11.94,-87.12
bevRightArmTestFastSlow,2025-04-23 08:31:19.105,112175.0,-0.23,-0.26,0.37,18.81,8.56,23.37,12.75,-31.56,-17.69,347.44,-9.69,-90.0
bevRightArmTestFastSlow,2025-04-23 08:31:19.221,112286.0,-0.48,-0.2,0.18,-3.19,21.19,4.56,12.0,-32.38,-16.37,344.5,-8.25,-90.94
bevRightArmTestFastSlow,2025-04-23 08:31:19.322,112396.0,0.14,0.36,-0.62,-31.12,-40.31,17.37,12.0,-32.38,-15.56,343.56,-7.13,-89.56
bevRightArmTestFastSlow,2025-04-23 08:31:19.442,112507.0,0.09,0.57,-0.79,-26.44,6.06,-17.87,11.69,-31.56,-19.69,344.75,-7.81,-86.5
bevRightArmTestFastSlow,2025-04-23 08:31:19.555,112617.0,-0.17,0.23,-0.49,-37.56,7.63,-29.5,12.75,-30.87,-19.25,345.63,-11.0,-83.31
bevRightArmTestFastSlow,2025-04-23 08:31:19.655,112727.0,0.23,0.15,-0.57,-36.63,6.63,-34.19,14.56,-29.0,-22.19,348.13,-14.13,-79.19
bevRightArmTestFastSlow,2025-04-23 08:31:19.776,112838.0,0.45,0.25,-0.33,-39.75,26.31,-54.38,17.19,-26.75,-23.0,350.69,-19.25,-75.44
bevRightArmTestFastSlow,2025-04-23 08:31:19.887,112949.0,0.51,0.25,-0.48,-50.13,3.19,-47.75,20.87,-23.87,-24.56,353.5,-25.25,-70.69
bevRightArmTestFastSlow,2025-04-23 08:31:19.989,113059.0,0.65,0.09,-0.75,-30.69,12.69,-30.87,23.19,-18.25,-25.25,355.69,-29.19,-65.75
bevRightArmTestFastSlow,2025-04-23 08:31:20.108,113169.0,0.3,-0.16,-0.47,-24.06,10.63,-25.69,23.87,-15.69,-25.75,356.81,-32.44,-63.19
bevRightArmTestFastSlow,2025-04-23 08:31:20.206,113280.0,0.39,-0.29,-0.53,-18.87,-2.69,-16.94,25.37,-13.38,-27.75,358.0,-34.44,-60.25
bevRightArmTestFastSlow,2025-04-23 08:31:20.321,113390.0,-0.02,-0.25,-0.51,-4.81,-2.88,-9.88,24.5,-12.0,-27.37,358.94,-35.75,-58.56
bevRightArmTestFastSlow,2025-04-23 08:31:20.439,113501.0,0.23,-0.67,0.04,9.06,2.69,-9.63,25.37,-11.19,-26.19,0.25,-36.88,-58.63
bevRightArmTestFastSlow,2025-04-23 08:31:20.539,113611.0,0.3,-0.6,-0.1,7.5,-12.0,4.69,25.69,-10.88,-27.0,1.12,-36.63,-58.63
bevRightArmTestFastSlow,2025-04-23 08:31:20.657,113721.0,0.0,-0.2,-0.16,24.87,-4.75,18.19,25.37,-12.38,-27.0,0.88,-35.13,-60.69
bevRightArmTestFastSlow,2025-04-23 08:31:20.753,113830.0,-0.17,-0.16,-0.09,37.94,-11.69,25.81,24.56,-13.75,-26.19,0.25,-32.13,-64.19
bevRightArmTestFastSlow,2025-04-23 08:31:20.872,113942.0,-0.27,-0.08,0.24,41.0,-3.44,25.12,22.37,-17.5,-26.56,359.63,-29.31,-68.69
bevRightArmTestFastSlow,2025-04-23 08:31:20.987,114053.0,0.12,-0.15,0.24,34.06,-1.94,24.12,21.69,-19.69,-25.06,358.69,-26.75,-72.87
bevRightArmTestFastSlow,2025-04-23 08:31:21.087,114163.0,0.18,-0.14,0.02,29.0,-1.0,30.62,20.5,-22.69,-23.0,356.88,-24.0,-76.5
bevRightArmTestFastSlow,2025-04-23 08:31:21.204,114273.0,-0.24,0.1,-0.07,28.62,9.5,26.44,19.37,-24.5,-23.0,354.56,-21.25,-80.19
bevRightArmTestFastSlow,2025-04-23 08:31:21.305,114382.0,0.12,-0.17,-0.23,26.62,6.69,20.44,18.37,-27.19,-19.69,352.56,-19.25,-83.69
bevRightArmTestFastSlow,2025-04-23 08:31:21.429,114494.0,0.03,0.22,-0.11,15.63,-3.81,18.56,18.37,-27.5,-18.5,350.88,-17.31,-86.12
bevRightArmTestFastSlow,2025-04-23 08:31:21.537,114605.0,0.07,-0.18,-0.21,5.06,2.5,11.19,17.19,-29.0,-17.69,349.75,-15.81,-87.19
bevRightArmTestFastSlow,2025-04-23 08:31:21.648,114715.0,0.07,-0.14,-0.18,3.94,-5.63,10.88,16.5,-30.87,-17.25,349.0,-14.75,-87.75
bevRightArmTestFastSlow,2025-04-23 08:31:21.756,114825.0,-0.02,-0.16,-0.28,7.19,-0.94,10.75,14.56,-31.19,-17.69,348.25,-13.63,-88.5
bevRightArmTestFastSlow,2025-04-23 08:31:21.871,114935.0,-0.1,-0.15,-0.13,5.94,1.69,4.88,15.38,-31.19,-16.37,347.69,-13.0,-89.37
bevRightArmTestFastSlow,2025-04-23 08:31:21.971,115046.0,-0.09,-0.09,-0.1,-1.12,1.31,4.06,14.56,-31.56,-17.69,347.06,-12.56,-89.94
bevRightArmTestFastSlow,2025-04-23 08:31:22.088,115156.0,0.0,0.0,0.0,-14.56,0.63,-4.94,14.56,-32.38,-16.87,346.63,-12.56,-89.12
bevRightArmTestFastSlow,2025-04-23 08:31:22.188,115267.0,-0.19,-0.07,-0.17,-24.75,9.75,-18.37,16.06,-31.19,-16.87,346.81,-14.0,-87.06
bevRightArmTestFastSlow,2025-04-23 08:31:22.313,115377.0,0.43,-0.06,-0.57,-24.44,-8.75,-15.5,16.06,-30.06,-18.87,348.19,-15.94,-84.37
bevRightArmTestFastSlow,2025-04-23 08:31:22.421,115487.0,-0.14,0.26,-0.32,-33.38,-4.06,-18.94,16.87,-29.0,-19.69,349.75,-17.94,-81.0
bevRightArmTestFastSlow,2025-04-23 08:31:22.521,115598.0,0.04,0.07,-0.26,-30.31,2.94,-20.81,18.0,-26.75,-20.87,351.0,-20.25,-77.44
bevRightArmTestFastSlow,2025-04-23 08:31:22.639,115708.0,0.02,0.0,-0.38,-29.0,-0.31,-21.25,19.37,-25.25,-23.0,352.31,-22.19,-74.19
bevRightArmTestFastSlow,2025-04-23 08:31:22.755,115819.0,0.14,-0.19,-0.44,-14.5,15.81,-26.69,20.87,-22.37,-24.56,353.56,-24.69,-72.12
bevRightArmTestFastSlow,2025-04-23 08:31:22.855,115930.0,0.32,-0.24,-0.27,-10.88,6.31,-10.81,22.0,-20.5,-25.06,354.0,-26.56,-71.5
bevRightArmTestFastSlow,2025-04-23 08:31:22.971,116039.0,0.0,-0.08,-0.09,-9.88,5.69,-8.75,22.37,-19.69,-25.06,354.13,-27.37,-70.31
bevRightArmTestFastSlow,2025-04-23 08:31:23.082,116150.0,0.03,-0.03,-0.1,-8.25,8.06,-14.63,23.5,-19.0,-24.25,354.56,-28.87,-69.62
bevRightArmTestFastSlow,2025-04-23 08:31:23.188,116260.0,0.03,0.06,-0.09,-11.19,3.13,-14.31,23.5,-19.0,-25.37,355.38,-30.56,-68.62
bevRightArmTestFastSlow,2025-04-23 08:31:23.307,116372.0,0.17,-0.14,-0.26,-10.56,3.5,-16.19,25.0,-17.19,-25.37,356.38,-32.19,-67.31
bevRightArmTestFastSlow,2025-04-23 08:31:23.405,116482.0,0.16,-0.16,-0.13,-5.38,5.38,-16.69,25.37,-15.69,-24.56,357.5,-34.13,-66.62
bevRightArmTestFastSlow,2025-04-23 08:31:23.528,116591.0,0.32,-0.33,-0.08,-0.25,1.19,-7.31,25.37,-15.69,-24.25,358.5,-35.5,-66.31
bevRightArmTestFastSlow,2025-04-23 08:31:23.638,116702.0,0.06,-0.2,-0.21,-3.31,-3.56,-3.25,26.5,-15.25,-24.56,358.88,-35.75,-65.56
bevRightArmTestFastSlow,2025-04-23 08:31:23.738,116813.0,0.16,-0.23,-0.2,2.13,-4.38,-3.81,25.0,-13.75,-24.25,359.44,-36.06,-65.25
bevRightArmTestFastSlow,2025-04-23 08:31:23.856,116924.0,0.01,-0.35,-0.34,10.5,-4.81,1.88,25.69,-14.19,-25.37,0.12,-36.06,-65.62
bevRightArmTestFastSlow,2025-04-23 08:31:23.954,117033.0,0.17,-0.12,-0.19,20.25,-4.56,10.25,25.37,-14.88,-24.56,0.44,-34.94,-67.06
bevRightArmTestFastSlow,2025-04-23 08:31:24.073,117143.0,-0.28,-0.23,0.25,22.37,-2.44,13.19,24.56,-15.69,-24.25,0.5,-33.56,-69.19
bevRightArmTestFastSlow,2025-04-23 08:31:24.187,117254.0,-0.2,-0.16,-0.02,23.5,-4.81,23.81,24.25,-17.87,-25.87,359.88,-31.56,-71.5
bevRightArmTestFastSlow,2025-04-23 08:31:24.288,117365.0,-0.41,0.04,0.37,28.56,5.19,18.75,23.87,-18.56,-23.75,358.88,-29.62,-74.56
bevRightArmTestFastSlow,2025-04-23 08:31:24.402,117476.0,-0.23,-0.07,0.3,21.31,-0.88,14.0,22.37,-20.87,-22.19,358.25,-28.19,-77.31
bevRightArmTestFastSlow,2025-04-23 08:31:24.504,117585.0,-0.02,-0.3,-0.02,27.81,0.12,17.19,22.37,-23.06,-22.19,357.69,-26.62,-79.94
bevRightArmTestFastSlow,2025-04-23 08:31:24.625,117695.0,-0.08,-0.09,-0.08,31.56,0.25,23.25,22.0,-24.87,-20.5,356.44,-24.5,-83.5
bevRightArmTestFastSlow,2025-04-23 08:31:24.737,117807.0,-0.07,-0.08,0.11,30.81,0.31,24.5,20.19,-26.37,-18.75,355.44,-22.19,-86.87
bevRightArmTestFastSlow,2025-04-23 08:31:24.838,117917.0,-0.01,-0.18,0.01,30.87,-1.81,28.06,19.37,-28.69,-17.19,353.88,-19.56,-90.0
bevRightArmTestFastSlow,2025-04-23 08:31:24.961,118028.0,-0.08,0.01,0.07,29.94,3.44,23.87,17.56,-30.87,-14.0,352.13,-16.87,-93.37
bevRightArmTestFastSlow,2025-04-23 08:31:25.070,118137.0,-0.24,-0.03,0.29,15.06,4.44,16.19,15.69,-32.0,-13.56,350.31,-15.06,-95.56
bevRightArmTestFastSlow,2025-04-23 08:31:25.172,118248.0,-0.08,-0.19,0.25,-1.56,3.06,10.38,15.0,-32.69,-12.75,349.31,-14.0,-95.75
bevRightArmTestFastSlow,2025-04-23 08:31:25.288,118359.0,-0.3,0.05,0.09,-12.0,-0.56,6.56,15.38,-33.06,-12.75,348.13,-13.38,-95.06
bevRightArmTestFastSlow,2025-04-23 08:31:25.388,118469.0,-0.32,0.39,0.13,-27.87,2.94,-2.44,13.88,-32.38,-12.75,347.25,-13.19,-93.19
bevRightArmTestFastSlow,2025-04-23 08:31:25.506,118580.0,0.05,-0.07,-0.02,-35.25,6.56,-13.69,15.38,-32.38,-14.38,346.94,-14.25,-90.0
bevRightArmTestFastSlow,2025-04-23 08:31:25.621,118690.0,0.38,0.0,-0.63,-26.06,-17.87,-2.5,16.06,-31.19,-16.69,347.88,-14.88,-86.69
bevRightArmTestFastSlow,2025-04-23 08:31:25.721,118800.0,0.18,0.38,-0.34,-22.81,-7.88,-1.0,15.69,-30.06,-18.0,348.63,-15.06,-83.81
bevRightArmTestFastSlow,2025-04-23 08:31:25.837,118910.0,-0.04,0.14,-0.24,-24.56,1.19,-13.19,15.69,-30.5,-19.56,349.25,-15.81,-81.25
bevRightArmTestFastSlow,2025-04-23 08:31:25.956,119021.0,0.29,0.1,-0.41,-27.56,2.81,-18.94,15.69,-29.37,-20.5,350.19,-17.62,-78.62
bevRightArmTestFastSlow,2025-04-23 08:31:26.060,119133.0,0.05,0.2,-0.43,-24.06,-1.25,-14.69,17.56,-27.19,-22.06,350.94,-19.37,-76.12
bevRightArmTestFastSlow,2025-04-23 08:31:26.170,119242.0,-0.04,0.43,-0.19,-22.12,6.75,-23.25,19.0,-24.87,-23.69,352.06,-21.37,-73.75
bevRightArmTestFastSlow,2025-04-23 08:31:26.271,119353.0,0.08,0.35,-0.26,-31.94,-0.63,-28.31,20.19,-23.5,-23.69,353.56,-23.87,-70.81
bevRightArmTestFastSlow,2025-04-23 08:31:26.388,119463.0,0.31,0.11,-0.53,-23.75,11.25,-21.44,20.87,-20.5,-24.5,354.81,-26.31,-68.0
bevRightArmTestFastSlow,2025-04-23 08:31:26.503,119574.0,-0.13,0.2,-0.08,-19.94,12.44,-21.87,22.0,-19.69,-26.56,355.38,-28.81,-66.06
bevRightArmTestFastSlow,2025-04-23 08:31:26.617,119685.0,-0.24,0.22,-0.02,-24.37,8.25,-27.31,24.25,-16.75,-27.0,356.5,-31.69,-63.56
bevRightArmTestFastSlow,2025-04-23 08:31:26.721,119794.0,0.15,-0.18,-0.38,-21.5,6.38,-26.25,24.56,-13.75,-25.0,358.06,-34.56,-60.63
bevRightArmTestFastSlow,2025-04-23 08:31:26.836,119904.0,0.02,-0.43,-0.14,-8.0,4.81,-17.81,25.37,-12.38,-25.75,359.31,-37.06,-58.81
bevRightArmTestFastSlow,2025-04-23 08:31:26.938,120015.0,0.16,-0.26,-0.32,1.94,-3.06,-11.63,25.69,-10.88,-27.0,0.75,-38.38,-57.94
bevRightArmTestFastSlow,2025-04-23 08:31:27.053,120126.0,0.39,0.03,-0.5,13.0,-18.12,4.63,26.5,-10.88,-25.75,1.94,-38.44,-58.56
bevRightArmTestFastSlow,2025-04-23 08:31:27.155,120237.0,-0.11,-0.34,-0.17,30.81,-12.81,8.25,25.5,-11.56,-26.56,3.06,-37.0,-60.31
bevRightArmTestFastSlow,2025-04-23 08:31:27.271,120346.0,-0.04,-0.08,0.27,31.19,-12.38,14.19,24.37,-13.75,-25.75,4.0,-35.81,-63.5
bevRightArmTestFastSlow,2025-04-23 08:31:27.387,120456.0,-0.02,-0.22,0.26,33.69,-11.75,23.25,23.87,-16.0,-25.75,4.44,-33.69,-66.31
bevRightArmTestFastSlow,2025-04-23 08:31:27.488,120567.0,-0.31,-0.06,0.01,38.06,-10.63,31.5,22.37,-17.87,-25.75,3.75,-30.62,-70.25
bevRightArmTestFastSlow,2025-04-23 08:31:27.611,120678.0,-0.21,-0.34,0.49,48.13,7.19,33.0,21.25,-20.5,-24.5,2.06,-27.19,-75.62
bevRightArmTestFastSlow,2025-04-23 08:31:27.705,120788.0,0.0,0.08,0.22,34.0,-0.06,46.31,19.0,-24.5,-22.06,359.0,-23.06,-80.81
bevRightArmTestFastSlow,2025-04-23 08:31:27.821,120898.0,-0.24,-0.1,0.11,35.5,4.75,43.81,17.56,-27.19,-20.5,355.0,-18.19,-84.87
bevRightArmTestFastSlow,2025-04-23 08:31:27.936,121009.0,-0.28,-0.06,-0.26,28.19,-14.63,30.44,14.69,-29.75,-18.0,352.38,-13.88,-87.87
bevRightArmTestFastSlow,2025-04-23 08:31:28.038,121119.0,-0.19,0.14,-0.17,28.31,3.13,17.12,13.06,-32.38,-17.19,350.69,-11.5,-91.12
bevRightArmTestFastSlow,2025-04-23 08:31:28.154,121230.0,0.15,0.0,0.14,17.19,7.69,14.69,12.75,-33.06,-15.5,348.94,-9.88,-93.62
bevRightArmTestFastSlow,2025-04-23 08:31:28.269,121340.0,-0.55,-0.05,0.05,5.81,2.88,11.0,11.69,-33.88,-13.88,347.06,-8.38,-94.69
bevRightArmTestFastSlow,2025-04-23 08:31:28.372,121450.0,-0.16,-0.13,-0.05,4.31,15.88,5.13,10.5,-33.88,-12.69,345.63,-7.75,-95.31
bevRightArmTestFastSlow,2025-04-23 08:31:28.488,121561.0,-0.16,0.1,0.11,-3.69,6.31,4.69,10.19,-34.56,-12.19,344.25,-7.13,-95.31
bevRightArmTestFastSlow,2025-04-23 08:31:28.603,121671.0,-0.21,-0.11,-0.03,-17.81,4.94,0.12,10.19,-35.0,-13.5,343.0,-6.75,-94.06
bevRightArmTestFastSlow,2025-04-23 08:31:28.704,121782.0,0.21,-0.1,-0.22,-24.56,8.19,-2.38,10.56,-34.19,-13.88,342.56,-6.88,-91.81
bevRightArmTestFastSlow,2025-04-23 08:31:28.820,121892.0,-0.22,0.16,-0.3,-28.75,-1.75,-8.0,11.25,-33.06,-15.88,342.5,-7.5,-88.94
bevRightArmTestFastSlow,2025-04-23 08:31:28.921,122003.0,-0.12,-0.02,-0.3,-28.06,3.31,-18.37,12.0,-32.69,-18.0,343.56,-9.13,-86.19
bevRightArmTestFastSlow,2025-04-23 08:31:29.037,122113.0,0.06,0.16,-0.13,-34.5,1.56,-26.87,12.75,-30.87,-18.0,345.13,-11.69,-83.0
bevRightArmTestFastSlow,2025-04-23 08:31:29.156,122223.0,0.25,0.12,-0.27,-31.25,6.81,-29.06,14.19,-29.75,-21.25,347.06,-14.75,-79.62
bevRightArmTestFastSlow,2025-04-23 08:31:29.263,122334.0,0.51,-0.04,-0.32,-29.06,-1.12,-22.5,16.5,-28.25,-22.06,348.75,-17.19,-76.5
bevRightArmTestFastSlow,2025-04-23 08:31:29.371,122445.0,0.25,-0.15,-0.38,-20.81,7.75,-15.06,18.37,-25.25,-25.25,349.38,-18.56,-74.37
bevRightArmTestFastSlow,2025-04-23 08:31:29.479,122555.0,-0.28,0.03,0.06,-17.37,8.19,-15.38,18.69,-24.19,-24.87,349.69,-20.25,-72.62
bevRightArmTestFastSlow,2025-04-23 08:31:29.586,122665.0,-0.11,0.07,0.03,-19.0,4.94,-23.5,19.75,-23.19,-25.19,350.94,-22.56,-70.5
bevRightArmTestFastSlow,2025-04-23 08:31:29.702,122776.0,-0.2,-0.13,-0.01,-15.44,7.31,-23.44,20.87,-20.5,-25.19,352.5,-25.06,-68.56
bevRightArmTestFastSlow,2025-04-23 08:31:29.811,122887.0,-0.04,-0.22,-0.05,-11.31,7.19,-21.81,22.0,-19.69,-25.19,353.88,-27.62,-67.19
bevRightArmTestFastSlow,2025-04-23 08:31:29.921,122997.0,0.06,-0.34,0.01,-9.0,4.56,-19.25,23.5,-17.87,-26.5,355.31,-29.94,-65.87
bevRightArmTestFastSlow,2025-04-23 08:31:30.037,123107.0,-0.08,-0.16,0.03,-6.94,1.88,-14.13,23.5,-16.75,-25.69,356.5,-31.75,-64.69
bevRightArmTestFastSlow,2025-04-23 08:31:30.138,123216.0,-0.07,-0.22,-0.21,-1.63,-1.5,-8.69,23.87,-15.69,-26.06,357.5,-32.88,-63.94
bevRightArmTestFastSlow,2025-04-23 08:31:30.254,123328.0,-0.07,-0.22,-0.11,8.63,-4.44,-4.38,24.19,-15.25,-26.06,358.63,-33.44,-63.88
bevRightArmTestFastSlow,2025-04-23 08:31:30.354,123439.0,-0.03,-0.38,0.15,13.69,-4.69,4.19,24.56,-14.88,-26.06,359.44,-33.38,-65.06
bevRightArmTestFastSlow,2025-04-23 08:31:30.472,123549.0,-0.07,-0.43,-0.01,16.81,-9.0,7.44,23.87,-16.37,-25.19,359.88,-32.75,-66.12
bevRightArmTestFastSlow,2025-04-23 08:31:30.587,123659.0,0.12,-0.32,0.19,31.0,-4.56,19.37,23.19,-17.5,-24.87,359.94,-31.37,-69.06
bevRightArmTestFastSlow,2025-04-23 08:31:30.687,123769.0,0.56,-0.33,0.03,37.63,-18.12,43.19,22.0,-20.5,-24.37,358.63,-26.12,-72.31
bevRightArmTestFastSlow,2025-04-23 08:31:30.804,123880.0,-0.1,0.09,0.11,47.31,3.56,39.44,19.75,-23.06,-24.19,355.63,-21.62,-77.62
bevRightArmTestFastSlow,2025-04-23 08:31:30.919,123991.0,-0.35,0.08,0.2,39.94,1.56,28.06,17.69,-26.0,-22.0,353.19,-18.06,-82.37
bevRightArmTestFastSlow,2025-04-23 08:31:31.021,124101.0,-0.32,-0.06,0.38,35.5,8.88,20.37,15.69,-29.75,-19.5,351.56,-15.81,-86.25
bevRightArmTestFastSlow,2025-04-23 08:31:31.137,124211.0,0.19,-0.12,-0.19,26.44,7.63,16.69,15.69,-30.5,-17.06,349.44,-14.06,-89.75
bevRightArmTestFastSlow,2025-04-23 08:31:31.245,124321.0,0.05,-0.2,-0.27,25.56,6.56,20.25,14.19,-31.56,-14.56,346.94,-11.88,-92.94
bevRightArmTestFastSlow,2025-04-23 08:31:31.355,124432.0,-0.09,-0.12,-0.1,21.44,1.88,21.0,13.88,-33.5,-14.19,344.81,-9.69,-95.62
bevRightArmTestFastSlow,2025-04-23 08:31:31.470,124542.0,0.19,-0.13,-0.11,18.31,2.19,18.44,12.38,-34.19,-13.0,343.19,-7.63,-97.56
bevRightArmTestFastSlow,2025-04-23 08:31:31.581,124653.0,0.09,0.0,-0.08,13.31,1.63,16.31,9.75,-35.0,-12.06,341.31,-5.81,-99.25
bevRightArmTestFastSlow,2025-04-23 08:31:31.687,124763.0,0.05,-0.24,0.0,5.75,5.13,9.0,9.75,-36.0,-9.19,339.75,-4.56,-100.37
bevRightArmTestFastSlow,2025-04-23 08:31:31.788,124873.0,-0.05,-0.11,0.02,-2.88,-0.56,6.31,8.69,-36.75,-9.19,338.81,-3.81,-100.37
bevRightArmTestFastSlow,2025-04-23 08:31:31.913,124984.0,-0.12,-0.26,-0.17,-6.44,5.75,2.81,9.0,-36.0,-9.19,337.94,-3.31,-100.0
bevRightArmTestFastSlow,2025-04-23 08:31:32.021,125094.0,-0.03,-0.3,-0.19,-8.69,1.25,0.63,9.0,-35.69,-10.06,337.38,-3.0,-99.31
bevRightArmTestFastSlow,2025-04-23 08:31:32.121,125205.0,0.08,-0.05,-0.07,-13.88,-0.12,-3.13,8.69,-35.69,-11.25,337.31,-3.13,-98.19
bevRightArmTestFastSlow,2025-04-23 08:31:32.237,125315.0,0.19,0.0,-0.15,-22.06,-4.44,-3.63,8.25,-36.0,-12.06,337.56,-3.44,-96.37
bevRightArmTestFastSlow,2025-04-23 08:31:32.353,125424.0,0.08,0.07,-0.14,-31.87,2.0,-10.63,9.75,-35.38,-12.88,337.94,-4.25,-93.5
bevRightArmTestFastSlow,2025-04-23 08:31:32.454,125536.0,0.21,0.0,-0.39,-32.31,3.69,-19.31,10.19,-34.19,-15.0,339.31,-5.81,-90.0
bevRightArmTestFastSlow,2025-04-23 08:31:32.571,125646.0,0.26,-0.03,-0.2,-31.37,-1.88,-19.56,10.5,-33.06,-16.69,340.56,-7.94,-86.87
bevRightArmTestFastSlow,2025-04-23 08:31:32.687,125758.0,0.12,-0.01,-0.23,-29.94,3.25,-21.37,12.75,-30.87,-19.06,342.19,-10.13,-83.62
bevRightArmTestFastSlow,2025-04-23 08:31:32.787,125868.0,0.15,-0.11,-0.2,-25.12,-1.75,-18.81,13.5,-30.87,-20.69,343.69,-12.19,-80.75
bevRightArmTestFastSlow,2025-04-23 08:31:32.903,125977.0,-0.01,0.03,-0.09,-22.81,-0.44,-21.94,15.69,-29.0,-22.0,345.38,-14.44,-78.37
bevRightArmTestFastSlow,2025-04-23 08:31:33.003,126089.0,-0.1,0.17,-0.04,-22.0,-2.13,-20.69,16.06,-27.19,-22.0,347.31,-16.56,-75.75
bevRightArmTestFastSlow,2025-04-23 08:31:33.121,126199.0,0.16,-0.09,0.02,-19.56,4.69,-21.44,17.56,-25.25,-23.19,348.88,-18.81,-73.5
bevRightArmTestFastSlow,2025-04-23 08:31:33.237,126310.0,0.02,-0.13,-0.01,-21.0,5.06,-20.5,19.75,-23.5,-24.87,350.13,-21.0,-71.19
bevRightArmTestFastSlow,2025-04-23 08:31:33.340,126419.0,0.08,-0.08,-0.2,-15.81,12.31,-20.31,19.75,-21.56,-25.69,351.0,-23.44,-69.37
bevRightArmTestFastSlow,2025-04-23 08:31:33.454,126530.0,-0.13,-0.26,-0.07,-5.31,14.38,-19.81,21.25,-20.5,-24.87,351.81,-26.0,-68.94
bevRightArmTestFastSlow,2025-04-23 08:31:33.563,126641.0,-0.02,-0.12,0.05,-4.25,8.5,-20.56,22.06,-18.56,-25.69,353.13,-28.56,-68.5
bevRightArmTestFastSlow,2025-04-23 08:31:33.671,126751.0,0.1,-0.14,-0.1,-4.81,-0.19,-15.88,23.87,-19.0,-24.37,354.56,-30.62,-67.94
bevRightArmTestFastSlow,2025-04-23 08:31:33.786,126862.0,-0.02,-0.22,0.05,-3.63,-1.63,-10.94,24.56,-17.19,-25.19,355.81,-31.75,-67.19
bevRightArmTestFastSlow,2025-04-23 08:31:33.899,126972.0,-0.11,-0.39,-0.01,3.0,-1.94,-7.31,25.5,-16.75,-24.37,356.94,-32.63,-66.94
bevRightArmTestFastSlow,2025-04-23 08:31:34.004,127082.0,-0.32,-0.3,-0.01,7.56,-7.56,-2.0,25.5,-16.75,-24.06,358.06,-32.94,-67.06
bevRightArmTestFastSlow,2025-04-23 08:31:34.120,127193.0,0.03,-0.18,-0.05,21.19,-2.5,2.06,25.0,-17.5,-25.19,359.06,-32.69,-68.5
bevRightArmTestFastSlow,2025-04-23 08:31:34.231,127303.0,0.07,-0.26,0.04,28.87,-9.81,9.56,24.56,-18.56,-24.37,0.06,-32.0,-71.25
bevRightArmTestFastSlow,2025-04-23 08:31:34.341,127414.0,0.12,-0.2,0.03,31.25,-10.31,17.69,23.5,-20.5,-24.06,0.69,-30.37,-74.25
bevRightArmTestFastSlow,2025-04-23 08:31:34.436,127524.0,-0.06,-0.16,0.0,27.62,-12.69,25.69,21.69,-22.69,-22.75,0.37,-27.87,-76.87
bevRightArmTestFastSlow,2025-04-23 08:31:34.553,127634.0,0.0,-0.11,0.19,33.44,-2.56,30.87,20.5,-23.87,-21.56,359.13,-24.87,-80.06
bevRightArmTestFastSlow,2025-04-23 08:31:34.671,127745.0,0.08,0.05,0.0,36.13,3.25,27.81,19.37,-25.69,-21.19,357.5,-21.75,-83.94
bevRightArmTestFastSlow,2025-04-23 08:31:34.770,127855.0,-0.11,0.01,-0.19,34.81,7.5,29.5,17.56,-28.37,-20.37,355.0,-18.56,-88.06
bevRightArmTestFastSlow,2025-04-23 08:31:34.890,127967.0,0.03,-0.04,0.05,24.62,6.25,37.81,16.06,-31.56,-15.75,351.63,-14.94,-91.62
bevRightArmTestFastSlow,2025-04-23 08:31:34.986,128076.0,-0.13,0.0,0.04,17.5,5.38,35.69,14.19,-32.69,-15.0,347.88,-10.94,-93.69
bevRightArmTestFastSlow,2025-04-23 08:31:35.105,128186.0,-0.28,-0.02,-0.07,15.38,5.5,28.25,12.38,-33.5,-14.19,344.19,-7.63,-95.44
bevRightArmTestFastSlow,2025-04-23 08:31:35.220,128297.0,-0.15,0.04,0.03,6.5,2.31,19.25,10.19,-35.69,-12.88,342.0,-5.69,-96.44
bevRightArmTestFastSlow,2025-04-23 08:31:35.320,128408.0,-0.19,0.06,-0.16,-0.44,4.25,9.94,10.88,-35.69,-11.69,339.94,-4.13,-96.75
bevRightArmTestFastSlow,2025-04-23 08:31:35.438,128519.0,-0.08,-0.15,0.11,-9.13,2.81,0.12,8.69,-36.0,-12.56,338.75,-3.69,-96.31
bevRightArmTestFastSlow,2025-04-23 08:31:35.553,128628.0,0.19,-0.01,-0.17,-21.87,-13.13,3.0,8.69,-36.38,-13.75,339.06,-3.69,-94.56
bevRightArmTestFastSlow,2025-04-23 08:31:35.654,128738.0,0.37,0.01,-0.36,-30.87,0.75,-10.63,9.0,-35.0,-14.56,340.13,-4.31,-91.37
bevRightArmTestFastSlow,2025-04-23 08:31:35.770,128849.0,0.28,-0.05,-0.51,-33.81,6.69,-18.0,10.19,-34.56,-15.38,340.56,-5.88,-88.31
bevRightArmTestFastSlow,2025-04-23 08:31:35.885,128960.0,0.08,0.09,-0.19,-29.44,8.69,-22.12,10.5,-33.06,-17.75,341.69,-8.06,-85.12
bevRightArmTestFastSlow,2025-04-23 08:31:35.988,129071.0,0.2,0.13,-0.22,-33.19,3.31,-27.06,13.06,-30.5,-19.37,343.31,-10.69,-81.87
bevRightArmTestFastSlow,2025-04-23 08:31:36.104,129181.0,0.31,0.02,-0.34,-30.06,7.25,-24.87,14.56,-29.0,-20.69,344.88,-13.5,-78.75
bevRightArmTestFastSlow,2025-04-23 08:31:36.211,129291.0,0.29,-0.02,-0.32,-25.81,6.69,-23.31,16.06,-28.25,-23.06,346.25,-16.06,-76.0
bevRightArmTestFastSlow,2025-04-23 08:31:36.320,129401.0,0.18,-0.03,-0.28,-19.0,11.38,-23.44,17.56,-25.69,-23.06,347.25,-18.62,-74.06
bevRightArmTestFastSlow,2025-04-23 08:31:36.437,129512.0,0.15,0.02,-0.18,-16.75,10.44,-25.31,19.37,-23.87,-23.5,348.5,-21.5,-72.44
bevRightArmTestFastSlow,2025-04-23 08:31:36.549,129624.0,0.2,-0.16,-0.26,-10.75,11.44,-21.0,21.37,-22.0,-23.56,349.69,-24.25,-71.25
bevRightArmTestFastSlow,2025-04-23 08:31:36.653,129733.0,-0.03,-0.21,-0.02,-9.38,2.38,-14.5,22.5,-20.5,-23.19,350.63,-25.94,-70.25
bevRightArmTestFastSlow,2025-04-23 08:31:36.753,129843.0,-0.04,0.0,-0.08,-8.69,5.38,-15.31,23.56,-20.5,-25.69,351.63,-27.56,-69.12
bevRightArmTestFastSlow,2025-04-23 08:31:36.871,129953.0,-0.06,-0.1,-0.12,-6.44,-2.81,-11.94,23.19,-19.69,-24.87,352.75,-29.06,-68.12
bevRightArmTestFastSlow,2025-04-23 08:31:36.987,130065.0,-0.01,-0.34,-0.15,0.94,-6.88,-7.38,23.87,-18.56,-24.0,354.06,-29.87,-67.25
bevRightArmTestFastSlow,2025-04-23 08:31:37.086,130176.0,0.15,-0.36,0.2,6.75,-5.38,1.75,23.19,-18.25,-25.06,355.0,-30.06,-67.31
bevRightArmTestFastSlow,2025-04-23 08:31:37.205,130285.0,-0.1,-0.26,-0.1,11.44,-11.69,8.25,22.75,-17.87,-25.06,355.5,-29.31,-67.69
bevRightArmTestFastSlow,2025-04-23 08:31:37.319,130395.0,0.17,-0.44,-0.24,39.38,-4.38,21.19,22.75,-18.25,-25.06,355.56,-27.44,-70.5
bevRightArmTestFastSlow,2025-04-23 08:31:37.421,130506.0,-0.22,-0.19,0.58,46.88,3.38,25.87,21.69,-22.0,-23.06,354.31,-24.69,-76.0
bevRightArmTestFastSlow,2025-04-23 08:31:37.535,130617.0,-0.32,0.04,0.65,33.75,-0.44,23.69,19.75,-24.5,-21.5,353.06,-21.87,-80.19
bevRightArmTestFastSlow,2025-04-23 08:31:37.637,130727.0,-0.02,0.03,0.1,22.25,-0.25,28.69,19.37,-26.37,-19.37,351.13,-19.12,-83.12
bevRightArmTestFastSlow,2025-04-23 08:31:37.759,130837.0,-0.35,-0.33,-0.11,29.81,-0.37,27.0,18.0,-29.37,-18.19,349.0,-16.25,-86.0
bevRightArmTestFastSlow,2025-04-23 08:31:37.872,130948.0,-0.09,-0.13,0.05,32.63,3.5,21.25,15.69,-30.06,-16.06,347.19,-13.94,-89.69
bevRightArmTestFastSlow,2025-04-23 08:31:37.971,131058.0,-0.19,-0.02,0.0,21.0,-1.81,22.0,15.38,-32.0,-15.25,345.56,-11.63,-92.5
bevRightArmTestFastSlow,2025-04-23 08:31:38.087,131169.0,-0.13,-0.12,0.09,17.69,4.06,16.25,13.5,-32.69,-14.5,343.81,-9.56,-94.37
bevRightArmTestFastSlow,2025-04-23 08:31:38.203,131279.0,0.15,-0.21,-0.22,13.44,2.69,14.56,12.38,-34.19,-12.75,342.06,-7.94,-95.87
bevRightArmTestFastSlow,2025-04-23 08:31:38.304,131389.0,0.06,-0.2,-0.34,15.06,2.44,11.13,12.0,-34.19,-12.5,340.63,-6.56,-97.5
bevRightArmTestFastSlow,2025-04-23 08:31:38.419,131500.0,0.05,-0.03,-0.19,12.44,-1.88,10.81,11.25,-35.0,-10.38,339.5,-5.31,-99.12
bevRightArmTestFastSlow,2025-04-23 08:31:38.520,131610.0,0.07,-0.18,-0.16,9.69,-2.0,8.38,9.75,-36.38,-10.0,338.81,-4.44,-100.25
bevRightArmTestFastSlow,2025-04-23 08:31:38.638,131721.0,-0.02,-0.18,-0.03,6.19,-4.75,8.69,9.75,-35.38,-9.56,338.44,-3.63,-101.06
bevRightArmTestFastSlow,2025-04-23 08:31:38.754,131831.0,-0.13,-0.26,-0.1,7.75,-7.75,12.13,7.88,-36.38,-8.75,338.25,-2.63,-101.75
bevRightArmTestFastSlow,2025-04-23 08:31:38.853,131941.0,-0.12,-0.37,-0.02,15.13,-7.75,12.75,7.5,-36.75,-9.06,338.0,-1.5,-103.12
bevRightArmTestFastSlow,2025-04-23 08:31:38.974,132050.0,0.1,-0.06,0.0,13.63,-9.63,15.25,6.88,-37.19,-7.5,337.5,-0.37,-104.87
bevRightArmTestFastSlow,2025-04-23 08:31:39.072,132162.0,0.11,0.0,-0.28,8.5,-4.13,19.0,6.06,-38.25,-6.69,336.38,1.31,-106.0
bevRightArmTestFastSlow,2025-04-23 08:31:39.188,132273.0,0.16,-0.18,-0.27,-2.31,-7.63,16.69,5.69,-38.25,-7.06,335.56,3.0,-106.5
bevRightArmTestFastSlow,2025-04-23 08:31:39.305,132383.0,0.1,-0.43,-0.12,-4.19,-9.06,11.0,3.19,-38.69,-8.0,334.94,4.25,-106.37
bevRightArmTestFastSlow,2025-04-23 08:31:39.414,132493.0,-0.32,-0.08,-0.26,5.44,-16.62,15.63,2.75,-38.25,-6.25,335.69,5.19,-106.62
bevRightArmTestFastSlow,2025-04-23 08:31:39.521,132602.0,0.01,-0.14,-0.18,11.75,-13.63,12.69,0.56,-38.69,-5.88,336.25,6.0,-108.25
bevRightArmTestFastSlow,2025-04-23 08:31:39.637,132714.0,0.0,-0.42,-0.16,7.75,-2.69,6.44,0.25,-39.0,-5.88,336.25,6.63,-109.62
