Participant,Timestamp ,Arduino_Timestamp_ms,Accel_X,Accel_Y,Accel_Z,Gyro_X,Gyro_Y,Gyro_Z,Mag_X,Mag_Y,Mag_Z
slowFastTest,2025-04-23 07:29:38.377,99410.0,-8.89,-3.55,0.41,4.81,-1.06,2.25,45.88,-3.0,-5.19
slowFastTest,2025-04-23 07:29:38.384,99519.0,-9.15,-3.68,0.38,0.25,-2.13,-0.31,47.0,-3.0,-6.38
slowFastTest,2025-04-23 07:29:38.488,99628.0,-9.11,-3.83,0.13,10.06,-4.94,-1.94,46.25,-3.0,-6.38
slowFastTest,2025-04-23 07:29:38.600,99737.0,-8.84,-3.67,0.7,3.31,-2.38,0.5,45.5,-3.38,-7.5
slowFastTest,2025-04-23 07:29:38.708,99845.0,-9.42,-4.36,0.42,11.56,-8.63,-2.5,46.25,-3.38,-7.5
slowFastTest,2025-04-23 07:29:38.807,99951.0,-8.73,-5.45,0.33,116.81,-56.56,-6.5,47.0,-3.0,-8.69
slowFastTest,2025-04-23 07:29:38.922,100059.0,-8.36,-3.93,1.76,152.19,-49.88,27.0,45.06,-4.75,-14.25
slowFastTest,2025-04-23 07:29:39.028,100166.0,-5.73,-2.52,3.06,128.75,-61.56,42.19,43.75,-11.0,-15.88
slowFastTest,2025-04-23 07:29:39.140,100274.0,-7.92,-1.49,3.21,161.75,14.69,-77.12,43.06,-17.5,-15.5
slowFastTest,2025-04-23 07:29:39.250,100383.0,-6.41,-0.12,2.71,170.38,-2.81,-62.69,47.5,-16.5,-10.56
slowFastTest,2025-04-23 07:29:39.355,100493.0,-5.62,1.95,3.24,161.56,-55.63,-65.06,50.06,-10.25,-4.56
slowFastTest,2025-04-23 07:29:39.456,100600.0,-6.97,3.49,5.24,59.06,-25.75,13.06,46.06,-2.56,-5.19
slowFastTest,2025-04-23 07:29:39.573,100708.0,-6.5,4.83,5.34,-119.69,50.81,132.81,44.0,-6.25,-5.0
slowFastTest,2025-04-23 07:29:39.673,100815.0,-6.33,3.27,6.81,8.38,-15.69,111.81,41.25,-14.25,-4.25
slowFastTest,2025-04-23 07:29:39.791,100925.0,-8.93,8.01,9.54,51.13,-81.87,119.19,36.5,-22.87,-4.38
slowFastTest,2025-04-23 07:29:39.890,101036.0,-5.67,8.45,9.59,-64.44,6.44,83.12,31.25,-30.37,-6.69
slowFastTest,2025-04-23 07:29:40.007,101146.0,-2.29,6.84,7.71,-12.0,-37.06,87.75,25.37,-34.5,-10.0
slowFastTest,2025-04-23 07:29:40.114,101254.0,-2.07,5.14,7.25,9.94,-6.25,84.0,16.5,-37.19,-14.88
slowFastTest,2025-04-23 07:29:40.223,101360.0,-1.34,5.14,6.69,-34.56,-18.75,58.94,10.06,-37.56,-17.69
slowFastTest,2025-04-23 07:29:40.335,101468.0,3.15,4.11,6.9,-91.19,5.13,8.38,5.19,-37.56,-19.25
slowFastTest,2025-04-23 07:29:40.439,101578.0,-0.81,1.66,10.08,-88.31,6.19,17.56,5.38,-33.75,-26.75
slowFastTest,2025-04-23 07:29:40.554,101689.0,3.24,-11.05,25.98,-133.69,29.62,56.75,4.38,-29.69,-31.06
slowFastTest,2025-04-23 07:29:40.657,101798.0,-0.04,0.68,9.83,-0.19,-0.06,-0.19,4.0,-26.37,-32.75
slowFastTest,2025-04-23 07:29:40.768,101906.0,0.06,0.77,9.75,0.31,0.44,-0.06,4.0,-26.75,-33.88
slowFastTest,2025-04-23 07:29:40.873,102013.0,0.02,0.76,9.72,1.81,2.5,-3.13,4.69,-26.69,-32.75
slowFastTest,2025-04-23 07:29:40.972,102120.0,0.14,0.66,9.73,-2.0,-0.06,1.0,4.38,-25.56,-32.25
slowFastTest,2025-04-23 07:29:41.089,102227.0,-0.02,1.02,9.71,-1.06,1.0,1.44,3.5,-25.87,-32.38
slowFastTest,2025-04-23 07:29:41.189,102335.0,-0.15,1.17,9.69,-0.19,1.25,9.0,3.56,-26.25,-33.5
slowFastTest,2025-04-23 07:29:41.306,102444.0,-0.01,0.62,9.72,-0.37,0.31,6.75,4.38,-26.56,-33.5
slowFastTest,2025-04-23 07:29:41.412,102554.0,0.16,0.83,9.64,0.44,0.06,0.0,3.56,-27.0,-33.56
slowFastTest,2025-04-23 07:29:41.522,102661.0,0.11,0.58,9.75,0.25,0.37,2.81,3.56,-27.0,-31.56
slowFastTest,2025-04-23 07:29:41.622,102768.0,0.03,0.89,9.72,0.5,0.44,5.44,2.88,-26.19,-32.75
slowFastTest,2025-04-23 07:29:41.739,102875.0,-0.01,0.82,9.72,-0.25,0.75,0.94,3.25,-26.56,-31.87
slowFastTest,2025-04-23 07:29:41.839,102984.0,0.06,0.66,9.75,0.37,-0.12,0.25,4.0,-26.19,-31.87
slowFastTest,2025-04-23 07:29:41.939,103092.0,0.04,0.7,9.76,0.0,0.37,0.06,2.88,-27.69,-31.87
slowFastTest,2025-04-23 07:29:42.056,103199.0,0.05,0.74,9.81,-0.37,0.12,3.44,3.25,-27.25,-32.25
slowFastTest,2025-04-23 07:29:42.155,103309.0,0.03,0.62,9.76,-0.31,0.25,2.94,3.25,-26.56,-31.87
slowFastTest,2025-04-23 07:29:42.272,103415.0,0.03,0.63,9.77,-0.06,-0.12,0.69,3.25,-27.0,-32.38
slowFastTest,2025-04-23 07:29:42.372,103523.0,0.05,0.92,9.7,0.19,0.25,3.56,3.25,-25.75,-32.75
slowFastTest,2025-04-23 07:29:42.494,103629.0,-0.02,0.68,9.77,0.56,1.19,4.19,2.88,-27.0,-32.75
slowFastTest,2025-04-23 07:29:42.589,103739.0,0.02,0.81,9.76,-0.69,0.81,1.31,2.5,-27.0,-31.56
slowFastTest,2025-04-23 07:29:42.707,103848.0,0.04,0.61,9.76,-0.37,0.5,2.13,2.06,-27.25,-32.25
slowFastTest,2025-04-23 07:29:42.805,103956.0,0.0,0.54,9.77,0.06,0.25,3.25,1.75,-27.25,-32.75
slowFastTest,2025-04-23 07:29:42.922,104064.0,-0.02,0.73,9.74,-0.25,-0.12,-1.06,2.06,-26.19,-31.56
slowFastTest,2025-04-23 07:29:43.025,104172.0,-0.03,0.61,9.78,-0.37,0.63,1.06,1.37,-26.56,-32.25
slowFastTest,2025-04-23 07:29:43.139,104282.0,0.0,0.7,9.74,-0.12,-0.12,-1.69,3.25,-27.25,-33.56
slowFastTest,2025-04-23 07:29:43.248,104389.0,0.04,0.6,9.75,-0.12,0.0,-0.56,2.06,-26.56,-33.88
slowFastTest,2025-04-23 07:29:43.358,104497.0,0.03,0.5,9.73,0.12,0.25,-0.69,2.88,-27.0,-32.75
slowFastTest,2025-04-23 07:29:43.457,104605.0,-0.01,0.68,9.74,-0.06,0.12,-0.06,2.88,-26.19,-32.25
slowFastTest,2025-04-23 07:29:43.575,104715.0,0.0,0.67,9.75,-0.12,-0.37,0.19,3.25,-26.56,-32.75
slowFastTest,2025-04-23 07:29:43.672,104822.0,-0.07,1.19,9.73,0.5,0.12,0.94,1.75,-26.56,-32.25
slowFastTest,2025-04-23 07:29:43.789,104930.0,-0.08,0.77,9.77,0.06,0.0,-1.81,2.5,-26.56,-33.06
slowFastTest,2025-04-23 07:29:43.899,105036.0,-0.01,0.71,9.75,0.25,-0.19,-1.75,2.88,-27.25,-31.56
slowFastTest,2025-04-23 07:29:44.006,105146.0,-0.05,0.79,9.76,0.63,1.19,2.81,2.5,-27.69,-32.75
slowFastTest,2025-04-23 07:29:44.105,105253.0,-0.05,0.76,9.71,0.06,0.5,-4.06,2.5,-27.0,-33.06
slowFastTest,2025-04-23 07:29:44.223,105361.0,0.0,0.62,9.8,0.44,0.81,0.81,3.25,-27.0,-31.06
slowFastTest,2025-04-23 07:29:44.322,105469.0,0.0,0.55,9.78,-0.37,-0.12,1.25,3.25,-27.0,-32.25
slowFastTest,2025-04-23 07:29:44.422,105577.0,-0.06,0.62,9.77,0.0,0.37,3.5,2.06,-27.0,-31.87
slowFastTest,2025-04-23 07:29:44.546,105683.0,-0.03,0.65,9.77,-0.19,0.37,2.38,2.5,-27.0,-31.06
slowFastTest,2025-04-23 07:29:44.640,105791.0,-0.02,0.68,9.74,0.06,0.12,-1.31,1.75,-27.0,-32.25
slowFastTest,2025-04-23 07:29:44.762,105901.0,-0.08,0.77,9.73,0.25,0.25,3.69,2.5,-27.25,-31.56
slowFastTest,2025-04-23 07:29:44.855,106008.0,-0.01,0.56,9.76,-0.06,0.12,2.0,2.06,-26.56,-31.56
slowFastTest,2025-04-23 07:29:44.972,106116.0,-0.04,0.69,9.76,-0.19,-0.19,-0.5,2.5,-27.0,-32.75
slowFastTest,2025-04-23 07:29:45.083,106224.0,-0.08,0.8,9.78,0.31,0.19,1.75,2.88,-27.25,-31.87
slowFastTest,2025-04-23 07:29:45.189,106332.0,-0.02,0.59,9.77,-0.81,0.75,0.81,2.06,-26.56,-31.56
slowFastTest,2025-04-23 07:29:45.289,106439.0,0.0,0.62,9.83,-0.25,0.31,-2.13,1.75,-27.25,-31.56
slowFastTest,2025-04-23 07:29:45.404,106546.0,0.02,1.19,9.61,-2.31,0.25,-2.38,2.88,-26.56,-31.56
slowFastTest,2025-04-23 07:29:45.517,106655.0,-0.04,0.61,9.73,0.56,0.25,-2.56,2.5,-25.75,-31.87
slowFastTest,2025-04-23 07:29:45.621,106766.0,-0.06,0.56,9.79,-1.06,0.63,5.13,1.75,-27.0,-31.06
slowFastTest,2025-04-23 07:29:45.721,106874.0,-0.03,0.7,9.77,-1.0,0.44,1.37,2.06,-27.0,-31.56
slowFastTest,2025-04-23 07:29:45.839,106981.0,-0.26,0.65,9.74,-0.75,-0.25,-0.31,2.06,-27.0,-32.25
slowFastTest,2025-04-23 07:29:45.938,107089.0,-0.1,0.68,9.74,0.37,0.06,2.63,2.06,-27.25,-31.06
slowFastTest,2025-04-23 07:29:46.054,107196.0,-0.09,0.68,9.76,-0.12,0.31,-2.75,2.88,-27.0,-32.25
slowFastTest,2025-04-23 07:29:46.156,107303.0,-0.08,0.61,9.76,0.0,0.56,-3.69,2.06,-26.56,-31.56
slowFastTest,2025-04-23 07:29:46.256,107411.0,-0.12,0.79,9.7,0.19,0.81,-3.44,2.06,-27.0,-30.75
slowFastTest,2025-04-23 07:29:46.372,107521.0,-0.11,0.63,9.73,0.19,0.5,-3.13,2.06,-27.0,-31.56
slowFastTest,2025-04-23 07:29:46.488,107631.0,-0.14,0.7,9.75,-0.19,-0.12,-5.19,2.5,-27.69,-32.25
slowFastTest,2025-04-23 07:29:46.588,107738.0,-0.13,0.6,9.77,-1.37,0.31,-4.88,3.25,-27.0,-30.75
slowFastTest,2025-04-23 07:29:46.703,107845.0,-0.12,0.68,9.76,0.75,0.0,-4.31,3.25,-27.25,-30.75
slowFastTest,2025-04-23 07:29:46.805,107953.0,-0.13,0.52,9.79,-0.25,-0.19,-0.25,3.25,-27.0,-32.75
slowFastTest,2025-04-23 07:29:46.921,108061.0,-0.16,0.56,9.72,-0.12,-0.06,1.12,3.25,-27.0,-31.06
slowFastTest,2025-04-23 07:29:47.024,108170.0,-0.08,0.54,9.75,-0.19,0.25,0.75,4.0,-27.0,-32.25
slowFastTest,2025-04-23 07:29:47.138,108277.0,-0.14,0.66,9.76,-0.12,0.25,-0.37,3.56,-27.0,-32.25
slowFastTest,2025-04-23 07:29:47.238,108386.0,-0.06,0.43,9.79,-0.06,-0.12,-0.31,3.25,-26.19,-31.87
slowFastTest,2025-04-23 07:29:47.346,108493.0,-0.13,0.62,9.78,-0.06,0.56,-0.25,3.56,-26.56,-32.25
slowFastTest,2025-04-23 07:29:47.456,108600.0,-0.32,1.0,9.75,0.81,-0.25,-1.69,3.56,-26.56,-31.87
slowFastTest,2025-04-23 07:29:47.555,108708.0,-0.16,0.69,9.77,-0.31,-0.12,-5.56,3.56,-27.0,-33.06
slowFastTest,2025-04-23 07:29:47.672,108818.0,-0.16,0.64,9.78,0.94,0.0,-5.25,4.0,-26.19,-30.75
slowFastTest,2025-04-23 07:29:47.772,108928.0,-0.08,0.56,9.74,-0.25,-0.56,-0.63,4.38,-26.56,-31.56
slowFastTest,2025-04-23 07:29:47.888,109036.0,-0.04,0.55,9.75,1.0,0.31,2.06,4.69,-27.0,-32.25
slowFastTest,2025-04-23 07:29:47.991,109143.0,-0.13,0.72,9.76,0.81,0.12,2.81,3.25,-26.56,-31.06
slowFastTest,2025-04-23 07:29:48.104,109250.0,-0.15,0.71,9.79,0.94,0.19,1.63,3.56,-26.56,-31.56
slowFastTest,2025-04-23 07:29:48.205,109358.0,-0.07,0.65,9.8,-1.94,-0.69,2.63,4.0,-27.0,-31.56
slowFastTest,2025-04-23 07:29:48.322,109464.0,-0.01,0.51,9.76,0.12,0.69,3.56,4.0,-27.0,-32.25
slowFastTest,2025-04-23 07:29:48.422,109573.0,-0.03,0.65,9.74,0.81,0.37,-8.25,3.56,-27.0,-31.06
slowFastTest,2025-04-23 07:29:48.539,109682.0,-0.06,0.4,9.72,0.88,0.31,-5.63,4.69,-26.56,-30.37
slowFastTest,2025-04-23 07:29:48.638,109792.0,-0.07,0.27,9.8,-0.56,-0.31,-1.31,3.56,-27.0,-31.06
slowFastTest,2025-04-23 07:29:48.756,109899.0,-0.05,0.67,9.77,-0.5,-0.56,4.94,4.38,-27.0,-32.25
slowFastTest,2025-04-23 07:29:48.862,110006.0,-0.13,0.63,9.78,-0.37,1.06,-0.31,3.25,-27.25,-31.5
slowFastTest,2025-04-23 07:29:48.972,110115.0,-0.25,1.24,9.71,0.75,0.31,-6.69,4.38,-27.25,-32.25
slowFastTest,2025-04-23 07:29:49.072,110225.0,-0.18,0.91,9.72,1.56,1.0,-2.38,4.69,-27.0,-31.87
slowFastTest,2025-04-23 07:29:49.188,110336.0,-0.19,0.74,9.69,-0.75,-0.31,1.12,4.69,-27.0,-31.5
slowFastTest,2025-04-23 07:29:49.290,110446.0,0.13,0.29,9.77,-0.06,-2.0,-5.63,4.0,-27.0,-32.25
slowFastTest,2025-04-23 07:29:49.406,110553.0,-0.28,1.18,9.66,0.25,1.44,4.44,4.69,-27.25,-31.87
slowFastTest,2025-04-23 07:29:49.505,110660.0,0.04,0.24,9.81,1.44,0.19,-8.06,5.38,-27.25,-31.56
slowFastTest,2025-04-23 07:29:49.621,110767.0,0.01,-0.05,9.79,-0.31,-0.37,-2.38,4.0,-27.25,-31.5
slowFastTest,2025-04-23 07:29:49.723,110876.0,-0.12,0.66,9.76,-0.44,-0.75,0.31,5.38,-27.25,-30.75
slowFastTest,2025-04-23 07:29:49.841,110984.0,-0.09,0.67,9.75,-0.44,-0.56,1.5,5.06,-26.56,-32.75
slowFastTest,2025-04-23 07:29:49.939,111092.0,-0.1,0.64,9.76,0.0,0.12,0.0,5.38,-27.69,-31.06
slowFastTest,2025-04-23 07:29:50.055,111201.0,-0.08,0.77,9.74,-0.19,-0.44,0.19,4.69,-27.25,-32.25
slowFastTest,2025-04-23 07:29:50.155,111308.0,-0.1,0.6,9.76,0.31,-0.19,1.63,5.06,-27.69,-31.87
slowFastTest,2025-04-23 07:29:50.271,111415.0,-0.14,0.82,9.78,-0.56,-0.56,4.75,5.06,-27.0,-31.5
slowFastTest,2025-04-23 07:29:50.378,111522.0,-0.27,0.95,9.75,0.81,1.94,12.5,3.56,-27.69,-32.75
slowFastTest,2025-04-23 07:29:50.488,111632.0,-0.15,0.56,9.82,-0.44,0.69,-2.06,4.69,-27.0,-31.87
slowFastTest,2025-04-23 07:29:50.589,111740.0,-0.17,0.95,9.72,0.56,0.19,-4.69,4.0,-27.25,-31.87
slowFastTest,2025-04-23 07:29:50.688,111847.0,-0.15,0.5,9.85,-0.37,-0.12,-2.56,4.38,-27.0,-31.5
slowFastTest,2025-04-23 07:29:50.805,111955.0,-0.14,0.6,9.73,-1.19,0.0,-0.69,4.38,-27.56,-31.5
slowFastTest,2025-04-23 07:29:50.905,112063.0,-0.13,0.72,9.75,-0.31,-0.44,1.0,4.0,-27.56,-31.06
slowFastTest,2025-04-23 07:29:51.022,112171.0,-0.04,0.42,9.76,0.0,-0.5,3.13,4.38,-27.56,-31.5
slowFastTest,2025-04-23 07:29:51.122,112277.0,-0.06,0.46,9.8,0.06,-0.06,2.31,4.38,-27.0,-30.75
slowFastTest,2025-04-23 07:29:51.238,112388.0,-0.14,0.69,9.74,0.56,0.37,-0.25,4.38,-27.56,-31.87
slowFastTest,2025-04-23 07:29:51.353,112497.0,-0.08,0.65,9.74,0.12,-0.06,-1.0,3.56,-27.25,-31.87
slowFastTest,2025-04-23 07:29:51.458,112606.0,-0.12,0.93,9.74,0.69,0.44,0.63,4.38,-28.0,-30.75
slowFastTest,2025-04-23 07:29:51.555,112713.0,-0.08,0.63,9.73,-1.0,-0.63,1.75,4.0,-27.56,-32.69
slowFastTest,2025-04-23 07:29:51.672,112820.0,-0.09,0.61,9.76,-0.81,-0.25,2.94,3.56,-28.0,-31.5
slowFastTest,2025-04-23 07:29:51.772,112927.0,-0.07,0.63,9.76,-0.81,0.44,3.44,4.0,-27.56,-32.25
slowFastTest,2025-04-23 07:29:51.888,113035.0,-0.3,1.2,9.65,-1.31,-0.31,10.56,3.25,-27.25,-32.25
slowFastTest,2025-04-23 07:29:51.987,113142.0,-0.22,0.68,9.76,0.37,0.94,8.75,3.56,-27.25,-31.87
slowFastTest,2025-04-23 07:29:52.105,113252.0,-0.18,0.85,9.71,2.19,1.81,7.5,3.56,-27.56,-31.5
slowFastTest,2025-04-23 07:29:52.217,113362.0,-0.25,0.55,9.76,-0.63,0.5,13.75,3.56,-27.56,-31.06
slowFastTest,2025-04-23 07:29:52.321,113469.0,-0.4,0.88,9.71,0.69,1.56,4.5,2.06,-27.25,-31.06
slowFastTest,2025-04-23 07:29:52.422,113576.0,0.11,0.87,9.62,-2.31,-2.0,-3.25,2.0,-28.0,-31.06
slowFastTest,2025-04-23 07:29:52.537,113684.0,-0.14,0.35,9.79,-1.12,-4.75,-17.94,2.5,-27.25,-32.25
slowFastTest,2025-04-23 07:29:52.639,113795.0,0.09,0.34,9.82,1.56,-1.0,-21.5,2.06,-28.0,-32.75
slowFastTest,2025-04-23 07:29:52.755,113904.0,0.07,0.33,9.81,0.44,-4.69,-22.69,3.56,-27.25,-33.06
slowFastTest,2025-04-23 07:29:52.855,114014.0,-0.15,0.91,9.8,1.75,1.37,-13.69,4.38,-27.56,-31.5
slowFastTest,2025-04-23 07:29:52.971,114121.0,-0.07,0.79,9.73,1.69,0.69,-14.88,5.38,-27.56,-31.87
slowFastTest,2025-04-23 07:29:53.071,114228.0,0.1,0.66,9.84,0.12,-1.19,-11.0,5.38,-28.37,-32.69
slowFastTest,2025-04-23 07:29:53.189,114335.0,0.07,0.79,9.78,3.38,0.5,6.5,6.75,-28.0,-32.25
slowFastTest,2025-04-23 07:29:53.288,114444.0,0.22,0.43,9.7,-3.81,-1.5,8.5,6.5,-29.5,-32.69
slowFastTest,2025-04-23 07:29:53.404,114550.0,0.02,0.39,9.76,0.19,0.0,9.25,5.69,-29.06,-32.25
slowFastTest,2025-04-23 07:29:53.505,114660.0,-0.12,0.7,9.85,0.37,0.06,10.56,5.69,-28.75,-32.25
slowFastTest,2025-04-23 07:29:53.621,114769.0,-0.12,0.61,9.7,-2.69,0.94,20.87,5.0,-30.56,-31.06
slowFastTest,2025-04-23 07:29:53.729,114877.0,0.06,0.34,9.96,-1.12,0.56,9.31,3.88,-29.87,-31.87
slowFastTest,2025-04-23 07:29:53.822,114984.0,0.23,0.03,9.81,2.69,1.88,-1.56,3.5,-29.5,-31.87
slowFastTest,2025-04-23 07:29:53.938,115092.0,0.21,0.41,9.82,3.25,-4.56,-3.81,4.25,-29.87,-31.87
slowFastTest,2025-04-23 07:29:54.055,115202.0,0.02,-0.15,9.83,-1.88,-2.13,-14.56,4.25,-29.87,-31.5
slowFastTest,2025-04-23 07:29:54.155,115312.0,-0.13,0.49,9.75,-1.31,-2.5,-9.75,4.56,-29.5,-31.87
slowFastTest,2025-04-23 07:29:54.273,115421.0,-0.18,0.9,9.75,0.75,1.56,-7.25,5.25,-30.25,-31.5
slowFastTest,2025-04-23 07:29:54.371,115528.0,-0.34,1.18,9.78,0.81,0.88,-18.19,5.0,-29.87,-31.5
slowFastTest,2025-04-23 07:29:54.472,115635.0,-0.19,0.58,9.79,-0.94,-1.5,-18.75,6.06,-29.37,-31.87
slowFastTest,2025-04-23 07:29:54.589,115742.0,0.0,0.51,9.77,0.37,0.12,-11.13,6.75,-29.75,-32.25
slowFastTest,2025-04-23 07:29:54.688,115850.0,-0.13,0.59,9.77,0.25,0.19,-7.94,6.75,-29.75,-31.87
slowFastTest,2025-04-23 07:29:54.805,115957.0,0.26,0.21,9.75,-0.25,-0.06,0.25,8.0,-30.5,-31.87
slowFastTest,2025-04-23 07:29:54.921,116067.0,0.3,-0.39,9.77,-0.31,-2.0,9.56,7.56,-30.19,-31.06
slowFastTest,2025-04-23 07:29:55.021,116177.0,0.06,0.71,9.76,1.19,0.31,0.06,7.56,-29.75,-32.25
slowFastTest,2025-04-23 07:29:55.123,116284.0,-0.01,0.69,9.74,1.06,1.37,-0.12,6.75,-30.5,-31.87
slowFastTest,2025-04-23 07:29:55.239,116391.0,-0.16,0.72,9.79,1.81,-1.31,0.5,7.56,-30.5,-31.87
slowFastTest,2025-04-23 07:29:55.344,116499.0,-0.06,0.67,9.77,2.06,-0.75,4.75,6.75,-30.19,-31.87
slowFastTest,2025-04-23 07:29:55.457,116605.0,-0.08,0.74,9.74,-1.44,-2.44,-0.19,7.19,-30.87,-30.25
slowFastTest,2025-04-23 07:29:55.555,116713.0,0.03,0.95,9.67,-1.63,0.5,5.19,6.75,-31.56,-31.06
slowFastTest,2025-04-23 07:29:55.675,116822.0,-0.77,1.08,9.74,0.69,12.19,16.56,7.19,-30.5,-31.5
slowFastTest,2025-04-23 07:29:55.772,116932.0,-0.34,0.06,10.43,-5.38,-2.31,-3.25,6.5,-30.5,-32.25
slowFastTest,2025-04-23 07:29:55.886,117039.0,-0.37,1.21,9.64,-1.75,-2.44,-10.44,6.5,-30.5,-31.5
slowFastTest,2025-04-23 07:29:55.998,117146.0,-0.24,1.42,9.73,-1.19,-4.06,-36.31,7.19,-31.25,-32.69
slowFastTest,2025-04-23 07:29:56.106,117254.0,0.0,1.02,9.82,0.69,1.69,-26.69,9.0,-30.5,-30.25
slowFastTest,2025-04-23 07:29:56.210,117363.0,0.05,0.72,9.71,-2.38,-3.19,-36.31,9.0,-30.5,-33.06
slowFastTest,2025-04-23 07:29:56.322,117473.0,0.52,-0.12,9.8,-3.31,-8.44,-39.25,10.88,-29.37,-31.87
slowFastTest,2025-04-23 07:29:56.423,117581.0,-0.29,0.37,9.75,0.69,5.63,27.12,12.69,-29.0,-31.87
slowFastTest,2025-04-23 07:29:56.537,117689.0,-0.47,1.2,9.74,-0.69,-0.94,24.69,11.88,-29.37,-30.75
slowFastTest,2025-04-23 07:29:56.637,117796.0,-0.68,1.85,9.53,-1.25,4.56,26.0,10.06,-30.19,-32.25
slowFastTest,2025-04-23 07:29:56.737,117903.0,0.2,0.27,9.84,-6.06,-3.75,18.19,10.06,-30.87,-31.87
slowFastTest,2025-04-23 07:29:56.855,118010.0,0.1,0.57,9.74,1.69,0.56,11.25,8.88,-30.37,-31.87
slowFastTest,2025-04-23 07:29:56.971,118119.0,0.04,0.14,9.8,0.0,0.63,-2.63,8.56,-30.37,-33.5
slowFastTest,2025-04-23 07:29:57.072,118228.0,-0.2,0.47,9.76,2.63,2.94,-10.25,8.88,-30.75,-32.69
slowFastTest,2025-04-23 07:29:57.188,118338.0,-0.04,0.7,9.76,-0.94,1.12,15.0,9.25,-30.37,-32.25
slowFastTest,2025-04-23 07:29:57.287,118446.0,0.0,0.54,9.8,-1.44,-1.06,24.94,8.88,-31.87,-33.06
slowFastTest,2025-04-23 07:29:57.388,118552.0,-0.03,-0.07,9.78,-2.38,-0.31,13.69,7.06,-31.19,-32.75
slowFastTest,2025-04-23 07:29:57.504,118660.0,0.11,0.67,9.79,4.56,4.38,18.75,6.69,-29.69,-32.69
slowFastTest,2025-04-23 07:29:57.605,118768.0,-0.22,0.47,9.77,0.0,-1.12,-0.19,6.38,-30.75,-32.25
slowFastTest,2025-04-23 07:29:57.721,118876.0,0.28,-0.2,9.82,2.63,-6.25,7.69,6.0,-31.19,-33.06
slowFastTest,2025-04-23 07:29:57.836,118984.0,0.12,0.63,9.71,-2.13,-1.69,25.06,6.38,-30.75,-33.5
slowFastTest,2025-04-23 07:29:57.938,119094.0,0.13,0.71,9.76,-0.88,-0.19,11.44,4.5,-31.5,-31.87
slowFastTest,2025-04-23 07:29:58.049,119200.0,0.25,0.03,9.78,-2.44,2.94,-9.44,4.88,-30.06,-31.87
slowFastTest,2025-04-23 07:29:58.154,119308.0,0.05,0.67,9.78,-1.44,-0.31,-18.81,3.75,-30.06,-33.06
slowFastTest,2025-04-23 07:29:58.264,119415.0,-0.03,-0.07,9.79,5.13,0.69,-16.5,5.56,-29.25,-33.5
slowFastTest,2025-04-23 07:29:58.371,119525.0,0.15,0.01,9.76,0.31,2.0,-6.69,7.06,-30.06,-32.75
slowFastTest,2025-04-23 07:29:58.471,119632.0,0.04,0.5,9.74,-1.69,-1.31,0.37,7.06,-30.37,-33.5
slowFastTest,2025-04-23 07:29:58.587,119740.0,0.18,0.46,9.83,2.25,4.0,1.19,6.69,-30.06,-32.75
slowFastTest,2025-04-23 07:29:58.695,119848.0,-0.31,0.44,9.82,2.69,6.44,-1.69,6.69,-30.37,-32.25
slowFastTest,2025-04-23 07:29:58.804,119956.0,-0.29,0.55,9.8,-3.69,0.5,0.88,7.5,-30.75,-31.87
slowFastTest,2025-04-23 07:29:58.910,120062.0,-0.08,0.48,9.76,-1.63,2.5,0.12,6.38,-30.37,-32.25
slowFastTest,2025-04-23 07:29:59.004,120170.0,-0.19,0.5,9.76,-5.88,0.88,1.81,6.69,-30.75,-33.5
slowFastTest,2025-04-23 07:29:59.121,120279.0,0.06,0.59,9.6,-1.12,0.12,0.25,6.69,-30.37,-33.5
slowFastTest,2025-04-23 07:29:59.237,120388.0,-0.06,0.46,9.76,-1.06,0.69,0.0,7.06,-30.37,-32.69
slowFastTest,2025-04-23 07:29:59.338,120496.0,-0.11,0.32,9.71,-4.44,2.38,0.94,6.38,-29.69,-33.06
slowFastTest,2025-04-23 07:29:59.439,120603.0,-0.02,0.19,9.76,-5.13,1.5,0.75,6.69,-29.25,-33.5
slowFastTest,2025-04-23 07:29:59.555,120711.0,-0.02,0.16,9.85,-3.0,0.81,0.37,6.0,-29.69,-33.5
slowFastTest,2025-04-23 07:29:59.654,120818.0,0.11,0.25,9.61,1.81,0.06,-0.25,6.69,-29.69,-34.25
slowFastTest,2025-04-23 07:29:59.770,120925.0,-0.1,0.2,9.79,1.0,0.0,0.0,6.69,-30.37,-32.69
slowFastTest,2025-04-23 07:29:59.871,121034.0,-0.19,0.84,9.41,-1.06,0.81,1.94,6.38,-29.69,-34.69
slowFastTest,2025-04-23 07:29:59.988,121144.0,-0.68,0.15,11.05,1.12,27.75,-0.37,7.06,-29.69,-33.88
slowFastTest,2025-04-23 07:30:00.102,121254.0,-0.67,1.93,10.01,-0.12,-5.88,3.88,6.69,-29.25,-33.88
slowFastTest,2025-04-23 07:30:00.203,121362.0,0.06,-0.61,9.92,5.81,0.81,0.69,5.19,-30.06,-34.25
slowFastTest,2025-04-23 07:30:00.305,121468.0,0.2,0.47,9.7,-5.5,0.37,-2.06,4.88,-29.69,-34.25
slowFastTest,2025-04-23 07:30:00.425,121576.0,0.38,-0.08,9.78,-5.69,-1.25,3.88,5.19,-30.06,-35.06
slowFastTest,2025-04-23 07:30:00.521,121684.0,-0.05,-0.09,9.82,6.19,-4.19,-3.44,4.88,-28.56,-33.88
slowFastTest,2025-04-23 07:30:00.638,121791.0,0.05,0.08,9.6,3.19,1.12,2.81,4.5,-28.87,-34.69
slowFastTest,2025-04-23 07:30:00.737,121900.0,0.26,0.16,9.64,0.56,-0.81,5.88,5.19,-29.69,-35.5
slowFastTest,2025-04-23 07:30:00.854,122009.0,0.17,0.44,9.71,3.88,-0.25,-6.5,3.75,-29.25,-35.06
slowFastTest,2025-04-23 07:30:00.956,122117.0,0.25,0.55,9.8,0.12,4.63,3.88,4.88,-30.06,-34.25
slowFastTest,2025-04-23 07:30:01.070,122224.0,0.26,0.13,9.83,-0.37,0.31,-8.06,4.5,-30.37,-33.88
slowFastTest,2025-04-23 07:30:01.171,122331.0,-0.06,-0.44,9.83,3.31,-3.75,-5.19,6.0,-30.37,-35.06
slowFastTest,2025-04-23 07:30:01.288,122441.0,0.12,-0.28,9.88,1.12,0.31,7.06,5.56,-30.75,-33.88
slowFastTest,2025-04-23 07:30:01.387,122552.0,0.24,0.04,9.73,0.81,1.63,1.25,4.5,-29.69,-33.5
slowFastTest,2025-04-23 07:30:01.504,122661.0,0.07,0.65,9.75,0.06,0.31,-10.19,4.19,-30.37,-32.75
slowFastTest,2025-04-23 07:30:01.604,122769.0,0.23,0.22,9.84,2.69,0.12,2.31,4.88,-30.06,-34.25
slowFastTest,2025-04-23 07:30:01.720,122875.0,0.07,-0.12,9.82,-1.69,-0.37,2.0,5.19,-30.06,-33.88
slowFastTest,2025-04-23 07:30:01.821,122983.0,0.01,-0.12,9.8,2.0,-2.75,0.44,4.88,-28.87,-33.5
slowFastTest,2025-04-23 07:30:01.936,123091.0,0.18,0.58,9.73,-2.06,-0.94,4.94,5.56,-29.69,-33.5
slowFastTest,2025-04-23 07:30:02.037,123198.0,0.11,-0.03,9.72,2.19,2.5,-0.31,4.5,-30.06,-33.5
slowFastTest,2025-04-23 07:30:02.153,123308.0,0.08,0.06,9.75,2.69,0.81,1.06,4.19,-29.25,-32.25
slowFastTest,2025-04-23 07:30:02.255,123417.0,0.01,0.47,9.76,5.0,0.69,-0.75,4.5,-29.69,-32.75
slowFastTest,2025-04-23 07:30:02.370,123525.0,-0.01,0.62,9.73,-0.25,2.5,-0.94,3.38,-30.37,-33.06
slowFastTest,2025-04-23 07:30:02.471,123631.0,0.04,1.03,9.78,-3.56,-0.63,7.94,4.5,-30.37,-33.06
slowFastTest,2025-04-23 07:30:02.586,123739.0,0.0,1.02,9.78,-1.56,-1.31,-0.25,3.75,-30.75,-33.5
slowFastTest,2025-04-23 07:30:02.693,123848.0,0.07,0.44,9.87,1.0,3.25,-11.88,4.19,-30.06,-32.75
slowFastTest,2025-04-23 07:30:02.787,123957.0,-0.13,-0.23,9.87,10.38,2.0,-9.0,3.38,-29.69,-33.5
slowFastTest,2025-04-23 07:30:02.905,124063.0,0.04,0.66,9.74,-0.81,-2.5,1.63,4.5,-30.06,-33.5
slowFastTest,2025-04-23 07:30:03.012,124173.0,0.25,0.72,9.76,-1.63,-2.38,19.37,3.75,-31.19,-33.88
slowFastTest,2025-04-23 07:30:03.121,124279.0,0.09,0.53,9.75,-3.69,2.06,17.56,2.25,-30.37,-32.75
slowFastTest,2025-04-23 07:30:03.220,124387.0,0.61,-0.76,9.73,-4.94,3.06,-12.38,1.56,-29.69,-33.88
slowFastTest,2025-04-23 07:30:03.341,124494.0,-0.02,0.21,9.99,-7.94,-1.56,-7.56,2.25,-30.06,-33.5
slowFastTest,2025-04-23 07:30:03.438,124604.0,0.3,0.08,9.65,-11.25,-2.75,13.81,2.25,-28.87,-33.88
slowFastTest,2025-04-23 07:30:03.554,124713.0,-0.37,-0.31,9.79,-9.81,4.06,7.44,0.37,-28.56,-35.06
slowFastTest,2025-04-23 07:30:03.654,124824.0,0.0,0.19,9.83,12.5,2.0,-0.37,0.75,-28.56,-33.06
slowFastTest,2025-04-23 07:30:03.776,124932.0,0.04,0.61,9.85,14.19,8.25,-0.81,1.19,-29.69,-33.06
slowFastTest,2025-04-23 07:30:03.871,125038.0,0.09,0.14,9.59,-2.13,-1.37,0.12,2.25,-30.37,-31.56
slowFastTest,2025-04-23 07:30:03.992,125146.0,-0.03,0.56,9.8,-0.75,-0.12,-0.12,1.56,-31.19,-33.06
slowFastTest,2025-04-23 07:30:04.090,125254.0,-0.01,0.64,9.76,-0.25,-0.25,0.0,1.56,-30.37,-33.06
slowFastTest,2025-04-23 07:30:04.205,125361.0,-0.04,0.67,9.73,0.37,0.5,0.12,1.56,-30.06,-32.75
slowFastTest,2025-04-23 07:30:04.304,125469.0,-0.05,0.66,9.76,0.0,0.0,0.06,1.88,-29.69,-33.06
slowFastTest,2025-04-23 07:30:04.419,125579.0,-0.07,0.65,9.77,0.0,-0.06,0.06,2.69,-30.06,-33.06
slowFastTest,2025-04-23 07:30:04.521,125686.0,-0.07,0.66,9.78,-0.06,-0.12,-0.12,2.25,-31.19,-32.25
slowFastTest,2025-04-23 07:30:04.636,125793.0,-0.07,0.67,9.77,0.0,-0.06,0.0,1.19,-30.37,-33.88
slowFastTest,2025-04-23 07:30:04.746,125901.0,-0.08,0.67,9.78,0.06,0.25,0.12,2.25,-30.06,-33.06
slowFastTest,2025-04-23 07:30:04.854,126011.0,-0.05,0.67,9.74,0.06,0.0,0.0,1.88,-30.06,-33.5
slowFastTest,2025-04-23 07:30:04.958,126121.0,-0.01,0.64,9.69,0.0,-0.19,0.0,2.25,-30.37,-33.5
slowFastTest,2025-04-23 07:30:05.070,126231.0,-0.04,0.66,9.82,0.19,0.12,0.0,1.56,-29.69,-33.5
slowFastTest,2025-04-23 07:30:05.170,126338.0,-0.07,0.67,9.79,0.25,0.25,-0.06,2.25,-31.19,-32.25
slowFastTest,2025-04-23 07:30:05.288,126445.0,-0.06,0.67,9.76,0.06,0.12,-0.06,2.69,-30.06,-32.75
slowFastTest,2025-04-23 07:30:05.390,126555.0,-0.08,0.69,9.82,-0.12,0.31,-0.06,3.06,-30.06,-32.75
slowFastTest,2025-04-23 07:30:05.505,126664.0,0.07,0.68,9.83,3.44,1.06,0.56,2.25,-30.37,-33.5
slowFastTest,2025-04-23 07:30:05.619,126775.0,-0.14,0.62,9.82,-0.19,0.25,-0.06,3.06,-30.37,-33.5
slowFastTest,2025-04-23 07:30:05.725,126884.0,-0.04,0.66,9.77,0.12,0.25,0.0,1.56,-30.75,-33.88
slowFastTest,2025-04-23 07:30:05.820,126992.0,-0.05,0.66,9.74,0.06,0.12,0.06,3.06,-30.06,-33.5
slowFastTest,2025-04-23 07:30:05.938,127099.0,-0.07,0.69,9.76,0.0,0.0,0.06,1.88,-30.06,-33.88
slowFastTest,2025-04-23 07:30:06.053,127208.0,-0.08,0.66,9.75,-0.06,-0.06,0.06,2.25,-31.19,-33.06
slowFastTest,2025-04-23 07:30:06.163,127319.0,-0.07,0.68,9.73,-0.25,0.19,0.06,2.69,-31.5,-34.25
slowFastTest,2025-04-23 07:30:06.274,127428.0,-0.06,0.67,9.76,-0.06,0.06,0.0,1.88,-30.06,-33.5
slowFastTest,2025-04-23 07:30:06.371,127538.0,-0.05,0.66,9.79,-0.12,0.12,-0.06,2.25,-30.06,-33.5
slowFastTest,2025-04-23 07:30:06.486,127645.0,-0.05,0.67,9.79,0.06,-0.06,-0.06,3.06,-30.37,-33.5
slowFastTest,2025-04-23 07:30:06.588,127753.0,-0.06,0.67,9.77,0.0,0.0,-0.06,1.19,-30.06,-33.88
slowFastTest,2025-04-23 07:30:06.703,127862.0,-0.08,0.68,9.74,0.06,0.0,0.06,1.56,-30.75,-32.69
slowFastTest,2025-04-23 07:30:06.819,127972.0,-0.05,0.68,9.76,-0.06,-0.19,-0.06,1.19,-30.37,-32.69
slowFastTest,2025-04-23 07:30:06.921,128082.0,-0.06,0.67,9.75,0.06,0.0,0.0,1.56,-30.37,-33.06
slowFastTest,2025-04-23 07:30:07.032,128192.0,-0.06,0.67,9.77,0.0,0.0,0.0,1.56,-30.37,-33.5
slowFastTest,2025-04-23 07:30:07.137,128299.0,-0.05,0.67,9.76,-0.12,-0.06,0.0,1.88,-30.37,-33.06
slowFastTest,2025-04-23 07:30:07.237,128406.0,-0.05,0.68,9.76,0.0,0.12,-0.06,2.25,-30.37,-33.5
slowFastTest,2025-04-23 07:30:07.354,128516.0,-0.05,0.67,9.78,0.06,-0.19,0.06,1.88,-30.37,-33.06
slowFastTest,2025-04-23 07:30:07.469,128625.0,-0.04,0.66,9.74,0.06,-0.12,0.0,1.88,-31.19,-32.69
slowFastTest,2025-04-23 07:30:07.570,128736.0,-0.06,0.66,9.75,0.06,-0.06,0.06,2.25,-30.37,-33.5
slowFastTest,2025-04-23 07:30:07.687,128845.0,-0.06,0.66,9.76,0.0,0.0,0.19,1.88,-29.69,-34.25
