Participant,Date_Time,Timestamp (ms),Accel_X,Accel_Y,Accel_Z,Gyro_X,Gyro_Y,Gyro_Z,Mag_X,Mag_Y,Mag_Z
Bev_rightArmSteadyData,Initializing BNO055...,2025-03-23 23:36:34.379
Bev_rightArmSteadyData,BNO055 Initialized Successfully!,2025-03-23 23:36:34.381
Bev_rightArmSteadyData,Logging started...,2025-03-23 23:36:34.382
Bev_rightArmSteadyData,19070,2025-03-23 23:36:34.385,-0.41,0.15,-0.13,6.69,15.44,-2.31,24.19,-33.00,-8.38
Bev_rightArmSteadyData,19179,2025-03-23 23:36:34.386,2.17,3.30,-0.31,-25.37,-18.94,5.06,24.19,-32.56,-8.75
Bev_rightArmSteadyData,19286,2025-03-23 23:36:34.387,-0.73,0.38,0.01,-24.19,-0.44,-64.94,23.50,-33.00,-10.00
Bev_rightArmSteadyData,19395,2025-03-23 23:36:34.388,1.45,1.62,-0.58,-3.75,-13.88,-53.94,26.87,-30.00,-10.88
Bev_rightArmSteadyData,19503,2025-03-23 23:36:34.389,2.08,-0.11,-0.38,37.88,-15.75,-3.13,29.37,-27.37,-12.06
Bev_rightArmSteadyData,19609,2025-03-23 23:36:34.389,0.35,0.54,-0.20,5.06,-15.81,28.81,30.56,-26.69,-11.69
Bev_rightArmSteadyData,19717,2025-03-23 23:36:34.390,0.24,0.25,0.23,-4.44,33.81,16.06,28.87,-28.00,-11.19
Bev_rightArmSteadyData,19826,2025-03-23 23:36:34.391,-0.01,-0.42,-0.24,-2.06,25.06,37.75,28.06,-29.50,-9.50
Bev_rightArmSteadyData,19936,2025-03-23 23:36:34.392,-0.56,-0.60,0.12,-4.88,-5.50,53.88,27.06,-30.69,-9.06
Bev_rightArmSteadyData,20046,2025-03-23 23:36:34.404,-0.52,-0.85,-0.34,-9.94,-3.50,74.50,23.56,-33.25,-9.38
Bev_rightArmSteadyData,20153,2025-03-23 23:36:34.522,-0.57,-1.22,0.13,2.44,23.69,70.87,19.37,-36.25,-10.69
Bev_rightArmSteadyData,20260,2025-03-23 23:36:34.629,-0.26,-1.41,-0.23,2.63,0.44,47.81,11.50,-38.75,-10.69
Bev_rightArmSteadyData,20368,2025-03-23 23:36:34.739,0.06,-2.68,-0.77,30.37,-0.56,63.44,7.75,-40.00,-9.38
Bev_rightArmSteadyData,20477,2025-03-23 23:36:34.847,-0.65,-0.92,-0.18,59.13,33.31,84.94,4.56,-41.25,-5.69
Bev_rightArmSteadyData,20588,2025-03-23 23:36:34.955,-0.46,0.80,0.00,51.94,38.44,84.75,-2.06,-42.38,-1.25
Bev_rightArmSteadyData,20699,2025-03-23 23:36:35.067,0.61,2.17,-0.10,40.13,-0.81,51.19,-8.50,-41.88,1.88
Bev_rightArmSteadyData,20805,2025-03-23 23:36:35.173,1.22,0.67,-0.30,-3.50,-13.19,-7.88,-12.00,-42.25,6.69
Bev_rightArmSteadyData,20913,2025-03-23 23:36:35.280,0.51,0.05,-0.82,-3.44,-9.69,-0.81,-11.88,-41.88,6.56
Bev_rightArmSteadyData,21020,2025-03-23 23:36:35.390,0.26,-0.11,-0.55,5.56,-1.75,0.50,-11.06,-42.00,5.38
Bev_rightArmSteadyData,21130,2025-03-23 23:36:35.498,-0.09,0.72,-0.33,6.63,2.44,-9.13,-11.88,-41.56,7.25
Bev_rightArmSteadyData,21239,2025-03-23 23:36:35.600,-0.71,0.61,-0.13,-5.13,1.31,-44.88,-11.06,-42.38,6.88
Bev_rightArmSteadyData,21350,2025-03-23 23:36:35.703,-0.59,0.58,0.40,10.94,11.75,-46.94,-8.38,-42.69,6.50
Bev_rightArmSteadyData,21456,2025-03-23 23:36:35.824,0.36,0.51,0.00,-1.81,5.06,-51.31,-4.88,-42.69,7.69
Bev_rightArmSteadyData,21564,2025-03-23 23:36:35.932,1.67,-0.12,-0.46,-7.13,7.69,-49.56,0.06,-43.06,7.00
Bev_rightArmSteadyData,21670,2025-03-23 23:36:36.025,1.13,0.08,-0.55,-27.25,-6.44,-69.81,4.88,-43.06,7.38
Bev_rightArmSteadyData,21780,2025-03-23 23:36:36.148,0.65,0.29,-0.51,-20.69,12.25,-79.75,10.06,-42.50,4.00
Bev_rightArmSteadyData,21888,2025-03-23 23:36:36.256,0.93,0.48,-0.61,-27.31,11.63,-108.69,15.25,-41.25,2.75
Bev_rightArmSteadyData,21995,2025-03-23 23:36:36.365,0.65,0.63,-0.26,-23.81,22.25,-121.31,23.06,-37.69,3.19
Bev_rightArmSteadyData,22105,2025-03-23 23:36:36.472,0.75,0.37,-0.01,-30.12,6.00,-114.25,29.69,-32.06,2.75
Bev_rightArmSteadyData,22212,2025-03-23 23:36:36.578,1.05,0.73,0.42,-23.56,17.81,-109.19,34.69,-25.75,2.00
Bev_rightArmSteadyData,22319,2025-03-23 23:36:36.687,1.02,0.60,0.16,-34.00,0.00,-72.56,40.38,-14.56,1.19
Bev_rightArmSteadyData,22426,2025-03-23 23:36:36.795,0.12,0.91,1.28,-52.88,-15.69,-4.50,42.38,-10.19,0.00
Bev_rightArmSteadyData,22536,2025-03-23 23:36:36.902,-0.14,-1.49,-0.47,-104.12,-89.94,85.56,42.38,-9.50,-2.06
Bev_rightArmSteadyData,22645,2025-03-23 23:36:37.000,1.17,-3.51,-2.50,10.19,-94.56,158.63,39.50,-14.25,-12.06
Bev_rightArmSteadyData,22756,2025-03-23 23:36:37.124,-0.52,-1.64,-1.00,85.75,0.31,127.56,32.88,-23.75,-16.50
Bev_rightArmSteadyData,22863,2025-03-23 23:36:37.229,0.09,-1.71,-0.66,72.94,14.00,86.62,25.69,-32.56,-14.06
Bev_rightArmSteadyData,22971,2025-03-23 23:36:37.336,-1.07,0.67,-0.08,67.62,35.81,73.69,17.56,-39.69,-7.50
Bev_rightArmSteadyData,23077,2025-03-23 23:36:37.445,-1.23,1.18,0.07,35.25,15.81,56.00,12.06,-41.88,-1.75
Bev_rightArmSteadyData,23188,2025-03-23 23:36:37.553,-0.35,0.55,-0.05,33.44,14.75,33.56,8.38,-43.50,0.56
Bev_rightArmSteadyData,23298,2025-03-23 23:36:37.664,-0.16,0.05,-0.34,45.13,-29.12,50.50,5.50,-44.25,3.38
Bev_rightArmSteadyData,23408,2025-03-23 23:36:37.775,0.15,2.03,-0.90,21.75,-31.81,12.81,1.75,-43.50,7.06
Bev_rightArmSteadyData,23516,2025-03-23 23:36:37.880,0.49,0.42,-0.17,1.69,5.69,-68.56,1.06,-42.75,8.69
Bev_rightArmSteadyData,23622,2025-03-23 23:36:37.987,0.49,-0.31,0.21,12.00,23.81,-44.00,7.25,-42.00,8.75
Bev_rightArmSteadyData,23730,2025-03-23 23:36:38.097,0.88,0.28,-0.71,5.94,-12.38,-39.06,10.00,-41.00,10.00
Bev_rightArmSteadyData,23839,2025-03-23 23:36:38.204,1.11,0.17,-0.48,-16.44,-16.19,-96.62,14.00,-40.25,10.00
Bev_rightArmSteadyData,23948,2025-03-23 23:36:38.315,0.74,-0.13,0.00,6.19,5.75,-87.75,20.69,-37.69,9.19
Bev_rightArmSteadyData,24055,2025-03-23 23:36:38.422,0.66,0.18,-0.06,-5.69,-4.31,-91.00,25.25,-34.00,10.38
Bev_rightArmSteadyData,24164,2025-03-23 23:36:38.531,0.91,0.87,0.08,-14.19,-5.00,-101.69,30.75,-29.50,10.06
Bev_rightArmSteadyData,24271,2025-03-23 23:36:38.638,0.70,0.76,0.33,-29.00,-7.31,-102.00,35.25,-24.37,8.88
Bev_rightArmSteadyData,24378,2025-03-23 23:36:38.744,-0.20,-0.03,0.75,-29.62,14.63,-72.19,40.38,-14.69,6.38
Bev_rightArmSteadyData,24485,2025-03-23 23:36:38.851,1.27,-1.03,-0.02,-44.69,-22.12,-14.50,41.69,-10.19,5.56
Bev_rightArmSteadyData,24594,2025-03-23 23:36:38.961,-0.24,-0.36,0.16,-39.81,-42.81,39.19,41.25,-9.88,2.25
Bev_rightArmSteadyData,24704,2025-03-23 23:36:39.069,0.10,-0.03,0.19,-37.94,-45.56,75.87,42.00,-12.88,-0.50
Bev_rightArmSteadyData,24814,2025-03-23 23:36:39.178,1.06,-1.55,-0.62,-33.75,-69.87,131.00,40.19,-17.69,-4.19
Bev_rightArmSteadyData,24921,2025-03-23 23:36:39.286,1.03,-2.51,-0.99,30.00,-49.88,150.69,34.25,-25.00,-9.50
Bev_rightArmSteadyData,25028,2025-03-23 23:36:39.395,-0.46,-1.22,-1.24,72.56,11.06,112.12,22.37,-36.06,-12.00
Bev_rightArmSteadyData,25136,2025-03-23 23:36:39.501,-1.41,-0.74,-0.12,67.06,14.81,68.94,14.88,-40.56,-7.88
Bev_rightArmSteadyData,25245,2025-03-23 23:36:39.603,-1.52,-0.59,0.18,33.44,3.81,51.75,10.88,-42.75,-2.50
Bev_rightArmSteadyData,25356,2025-03-23 23:36:39.720,-0.58,0.38,-1.08,16.94,13.25,32.00,7.19,-43.88,0.25
Bev_rightArmSteadyData,25465,2025-03-23 23:36:39.830,-0.21,0.95,-1.12,55.06,-10.38,34.06,5.00,-44.25,1.88
Bev_rightArmSteadyData,25573,2025-03-23 23:36:39.937,0.66,1.37,-0.35,35.50,-45.00,41.00,2.00,-43.50,5.56
Bev_rightArmSteadyData,25680,2025-03-23 23:36:40.044,0.45,0.88,0.51,8.13,9.94,-43.81,0.50,-43.19,10.06
Bev_rightArmSteadyData,25787,2025-03-23 23:36:40.150,0.27,-0.06,0.10,-6.56,-5.31,-58.81,3.50,-42.88,10.06
Bev_rightArmSteadyData,25897,2025-03-23 23:36:40.261,-0.12,-0.13,-0.94,-6.75,-26.37,-56.00,7.88,-42.06,9.69
Bev_rightArmSteadyData,26007,2025-03-23 23:36:40.372,-0.19,-5.56,-2.65,-71.56,-72.81,-49.00,12.38,-41.69,8.88
Bev_rightArmSteadyData,26118,2025-03-23 23:36:40.482,0.72,0.39,0.24,-25.31,-33.00,-76.75,16.06,-39.88,10.50
Bev_rightArmSteadyData,26224,2025-03-23 23:36:40.587,-0.79,-0.38,-0.95,6.56,-10.19,-89.81,21.69,-38.00,6.75
Bev_rightArmSteadyData,26332,2025-03-23 23:36:40.695,0.20,0.36,-0.34,15.81,-15.94,-100.50,30.56,-31.00,7.25
Bev_rightArmSteadyData,26439,2025-03-23 23:36:40.803,0.84,0.46,0.00,4.44,5.63,-93.81,34.75,-25.37,7.69
Bev_rightArmSteadyData,26548,2025-03-23 23:36:40.903,0.53,1.15,0.85,-8.88,1.81,-82.69,38.06,-19.50,8.06
Bev_rightArmSteadyData,26655,2025-03-23 23:36:41.021,1.29,0.84,0.47,-10.75,-49.38,-55.31,40.25,-14.25,6.88
Bev_rightArmSteadyData,26763,2025-03-23 23:36:41.128,-0.07,0.40,0.35,-32.31,-15.75,-3.88,42.06,-10.19,4.50
Bev_rightArmSteadyData,26872,2025-03-23 23:36:41.235,-0.33,-0.66,0.44,-69.75,-3.69,52.31,42.06,-8.69,1.56
Bev_rightArmSteadyData,26979,2025-03-23 23:36:41.345,0.94,-3.17,-0.10,-31.25,-58.94,113.44,41.75,-12.06,-0.37
Bev_rightArmSteadyData,27086,2025-03-23 23:36:41.449,0.74,-1.92,-1.62,1.69,-90.62,136.50,36.25,-23.56,-7.00
Bev_rightArmSteadyData,27194,2025-03-23 23:36:41.558,-0.23,-0.95,-0.94,35.25,2.13,99.69,29.50,-31.37,-11.06
Bev_rightArmSteadyData,27303,2025-03-23 23:36:41.666,0.37,-1.71,-0.70,36.44,7.69,86.31,24.37,-36.50,-8.19
Bev_rightArmSteadyData,27413,2025-03-23 23:36:41.776,-0.27,-1.69,-0.57,56.69,29.87,46.63,18.87,-39.88,-6.56
Bev_rightArmSteadyData,27524,2025-03-23 23:36:41.886,-0.66,-0.64,0.32,50.44,0.00,70.19,15.88,-41.69,-1.56
Bev_rightArmSteadyData,27630,2025-03-23 23:36:41.992,-0.03,1.55,0.23,33.44,-4.56,92.94,10.38,-43.19,0.37
Bev_rightArmSteadyData,27738,2025-03-23 23:36:42.099,-0.19,0.59,-0.74,9.19,2.50,73.87,0.69,-44.38,5.25
Bev_rightArmSteadyData,27845,2025-03-23 23:36:42.206,-0.91,0.52,-0.51,13.75,14.25,17.37,-4.06,-43.19,5.25
Bev_rightArmSteadyData,27955,2025-03-23 23:36:42.317,0.04,-0.19,-0.46,12.00,-25.06,25.44,-4.75,-43.56,8.50
Bev_rightArmSteadyData,28063,2025-03-23 23:36:42.427,1.10,0.45,-1.05,-7.69,-48.56,25.31,-7.06,-42.50,8.06
Bev_rightArmSteadyData,28172,2025-03-23 23:36:42.534,-0.76,0.18,-0.23,-3.69,6.00,-49.25,-7.38,-42.50,9.38
Bev_rightArmSteadyData,28279,2025-03-23 23:36:42.644,0.11,-0.19,-0.41,-15.25,-10.06,-47.50,-4.38,-42.88,8.50
Bev_rightArmSteadyData,28387,2025-03-23 23:36:42.750,0.59,0.10,-0.70,-18.94,7.38,-77.44,-0.75,-43.56,9.75
Bev_rightArmSteadyData,28493,2025-03-23 23:36:42.857,-0.26,0.00,-0.58,-20.69,6.63,-105.69,8.06,-43.69,6.50
Bev_rightArmSteadyData,28601,2025-03-23 23:36:42.964,-0.35,-0.08,-0.16,-28.00,-27.81,-102.44,15.75,-40.69,5.25
Bev_rightArmSteadyData,28709,2025-03-23 23:36:43.070,0.36,0.33,-0.74,-24.37,-9.94,-127.00,22.56,-38.06,2.00
Bev_rightArmSteadyData,28819,2025-03-23 23:36:43.181,1.18,0.55,-0.67,-42.75,-4.19,-139.50,30.00,-32.56,0.75
Bev_rightArmSteadyData,28929,2025-03-23 23:36:43.291,1.48,0.70,0.17,-50.38,-1.44,-111.94,37.06,-24.69,-1.19
Bev_rightArmSteadyData,29036,2025-03-23 23:36:43.398,1.27,0.45,0.40,-55.81,8.94,-74.50,40.69,-16.19,-2.38
Bev_rightArmSteadyData,29144,2025-03-23 23:36:43.502,0.73,-0.36,0.50,-55.50,1.63,3.69,43.00,-8.00,-3.69
Bev_rightArmSteadyData,29250,2025-03-23 23:36:43.599,-0.12,-1.42,1.07,-67.31,-41.19,95.69,41.88,-9.06,-4.50
Bev_rightArmSteadyData,29360,2025-03-23 23:36:43.722,1.46,-2.66,-1.05,-22.62,-48.13,162.19,39.25,-16.19,-10.69
Bev_rightArmSteadyData,29470,2025-03-23 23:36:43.832,-0.74,-1.97,-1.43,47.94,-18.12,129.19,33.00,-25.87,-14.69
Bev_rightArmSteadyData,29581,2025-03-23 23:36:43.942,-1.31,-1.06,-0.74,77.25,1.44,74.00,25.19,-34.06,-15.19
Bev_rightArmSteadyData,29688,2025-03-23 23:36:44.050,-0.34,0.09,-0.74,43.38,-8.19,82.44,20.50,-38.75,-9.25
Bev_rightArmSteadyData,29795,2025-03-23 23:36:44.149,-0.61,0.31,-0.12,41.88,21.44,58.69,13.00,-42.88,-4.38
Bev_rightArmSteadyData,29902,2025-03-23 23:36:44.265,-0.77,0.16,-0.04,38.44,31.37,51.69,7.75,-43.56,-2.00
Bev_rightArmSteadyData,30013,2025-03-23 23:36:44.373,-0.41,0.80,-0.96,37.31,45.81,43.75,4.19,-44.38,1.69
Bev_rightArmSteadyData,30123,2025-03-23 23:36:44.484,-0.11,0.00,-0.24,40.19,-10.25,27.12,1.19,-43.56,5.75
Bev_rightArmSteadyData,30233,2025-03-23 23:36:44.594,0.19,0.79,-0.54,29.44,-3.00,12.38,-2.19,-43.56,7.38
Bev_rightArmSteadyData,30340,2025-03-23 23:36:44.700,-0.56,-0.20,-0.12,6.50,-5.19,-52.88,-2.50,-43.00,10.25
Bev_rightArmSteadyData,30447,2025-03-23 23:36:44.799,0.03,-0.29,-0.40,1.50,-15.38,-50.38,3.38,-43.19,12.00
Bev_rightArmSteadyData,30554,2025-03-23 23:36:44.903,0.47,-0.02,-0.88,0.19,-10.56,-55.25,6.75,-42.19,10.00
Bev_rightArmSteadyData,30663,2025-03-23 23:36:45.024,0.04,-0.01,-0.48,-5.56,-14.63,-81.75,10.75,-41.38,11.19
Bev_rightArmSteadyData,30771,2025-03-23 23:36:45.133,-0.48,-0.63,0.09,-0.75,-10.25,-85.12,17.19,-39.50,10.75
Bev_rightArmSteadyData,30878,2025-03-23 23:36:45.240,-0.03,0.30,-0.11,-3.75,-33.94,-96.31,23.50,-37.75,9.56
Bev_rightArmSteadyData,30988,2025-03-23 23:36:45.348,0.99,0.49,-0.18,-19.69,-28.94,-120.44,28.87,-33.69,7.00
Bev_rightArmSteadyData,31094,2025-03-23 23:36:45.454,1.79,-0.45,-0.04,-22.56,24.75,-84.25,35.56,-27.37,5.75
Bev_rightArmSteadyData,31202,2025-03-23 23:36:45.549,0.59,0.55,0.48,-40.38,26.44,-37.31,38.88,-19.50,5.38
Bev_rightArmSteadyData,31309,2025-03-23 23:36:45.671,0.40,0.62,0.34,-45.88,2.81,-42.44,39.69,-16.87,6.56
Bev_rightArmSteadyData,31418,2025-03-23 23:36:45.778,-0.44,-1.01,0.46,-18.00,26.31,-54.13,40.75,-15.00,3.25
Bev_rightArmSteadyData,31528,2025-03-23 23:36:45.888,0.55,-0.95,-0.24,-48.75,-19.56,-2.75,41.56,-11.69,5.75
Bev_rightArmSteadyData,31639,2025-03-23 23:36:45.999,0.29,-0.95,0.53,-45.50,-70.81,67.75,42.25,-11.69,3.38
Bev_rightArmSteadyData,31746,2025-03-23 23:36:46.101,-1.79,-0.21,1.10,0.00,-85.19,71.94,40.75,-16.19,-2.69
Bev_rightArmSteadyData,31853,2025-03-23 23:36:46.202,1.53,-2.73,-3.33,1.00,-77.94,57.69,35.69,-22.06,-13.25
Bev_rightArmSteadyData,31961,2025-03-23 23:36:46.322,0.47,-1.89,-1.75,51.13,-20.06,86.69,32.25,-26.19,-16.87
Bev_rightArmSteadyData,32070,2025-03-23 23:36:46.430,-0.39,-2.10,-0.56,45.56,0.19,97.56,27.19,-32.50,-12.38
Bev_rightArmSteadyData,32181,2025-03-23 23:36:46.539,-0.68,0.60,-0.61,60.75,6.81,99.37,22.00,-37.69,-9.88
Bev_rightArmSteadyData,32290,2025-03-23 23:36:46.649,-1.22,0.57,-0.12,14.13,23.94,35.06,16.37,-41.38,-4.56
Bev_rightArmSteadyData,32398,2025-03-23 23:36:46.757,-0.57,-0.67,-0.24,21.44,26.31,9.50,14.19,-42.06,-3.38
Bev_rightArmSteadyData,32504,2025-03-23 23:36:46.863,0.10,-0.11,-0.82,38.13,13.50,25.06,12.69,-43.19,-0.06
Bev_rightArmSteadyData,32612,2025-03-23 23:36:46.973,0.09,0.63,-0.56,34.75,12.19,25.00,10.06,-44.00,2.56
Bev_rightArmSteadyData,32721,2025-03-23 23:36:47.080,0.15,-0.32,-0.45,28.87,-8.75,17.62,9.00,-44.00,4.19
Bev_rightArmSteadyData,32831,2025-03-23 23:36:47.190,0.37,-0.04,-0.09,19.87,-19.81,20.69,7.50,-43.19,6.75
Bev_rightArmSteadyData,32941,2025-03-23 23:36:47.300,-0.03,0.33,-0.43,1.12,-22.44,-21.69,5.69,-42.06,8.00
Bev_rightArmSteadyData,33047,2025-03-23 23:36:47.402,-0.05,-0.23,-0.64,-5.31,-25.56,-42.69,7.50,-42.88,9.25
Bev_rightArmSteadyData,33155,2025-03-23 23:36:47.503,0.55,0.05,-1.04,-25.56,-43.19,-80.87,10.50,-42.06,8.00
Bev_rightArmSteadyData,33262,2025-03-23 23:36:47.620,0.07,-0.62,-0.27,-16.87,-12.31,-100.31,19.69,-39.50,3.88
Bev_rightArmSteadyData,33369,2025-03-23 23:36:47.727,0.26,-0.12,-0.13,-8.88,-9.38,-99.56,26.37,-36.50,4.25
Bev_rightArmSteadyData,33477,2025-03-23 23:36:47.836,0.44,-0.13,-0.32,-24.31,-17.69,-103.06,32.00,-31.00,2.25
Bev_rightArmSteadyData,33587,2025-03-23 23:36:47.945,0.63,0.26,-0.52,-32.94,-9.75,-100.25,37.50,-24.37,0.25
Bev_rightArmSteadyData,33696,2025-03-23 23:36:48.055,1.35,-0.06,-0.35,-39.06,-3.50,-84.44,39.38,-18.37,-0.88
Bev_rightArmSteadyData,33804,2025-03-23 23:36:48.150,1.01,0.01,0.12,-31.19,10.13,-51.63,42.69,-12.06,-1.25
Bev_rightArmSteadyData,33911,2025-03-23 23:36:48.269,-0.67,0.13,0.68,-33.56,36.81,-27.12,43.50,-5.75,-0.50
Bev_rightArmSteadyData,34018,2025-03-23 23:36:48.378,0.10,-0.06,0.19,-50.63,9.00,11.63,43.50,-5.00,-0.50
Bev_rightArmSteadyData,34128,2025-03-23 23:36:48.486,-0.21,-1.15,-0.02,-24.69,-23.44,60.19,42.69,-7.25,-0.06
Bev_rightArmSteadyData,34238,2025-03-23 23:36:48.595,0.75,-2.06,-1.71,17.12,-37.56,81.06,41.56,-10.88,-4.88
Bev_rightArmSteadyData,34349,2025-03-23 23:36:48.702,0.61,-0.59,-0.23,33.06,-37.00,99.19,40.19,-16.87,-6.56
Bev_rightArmSteadyData,34456,2025-03-23 23:36:48.799,0.47,-2.19,-0.68,14.31,-3.31,122.25,36.38,-23.56,-7.00
Bev_rightArmSteadyData,34563,2025-03-23 23:36:48.923,-0.26,-1.96,-0.34,40.81,4.56,106.87,27.50,-34.00,-5.69
Bev_rightArmSteadyData,34670,2025-03-23 23:36:49.029,-1.18,-0.49,0.01,41.25,9.94,100.25,20.50,-38.69,-3.69
Bev_rightArmSteadyData,34780,2025-03-23 23:36:49.136,-1.39,0.67,-0.75,37.44,13.69,83.25,14.19,-41.69,-0.75
Bev_rightArmSteadyData,34890,2025-03-23 23:36:49.247,-0.85,1.02,-0.34,22.75,31.12,37.25,7.75,-43.19,2.00
Bev_rightArmSteadyData,35000,2025-03-23 23:36:49.357,-0.02,-0.06,-0.81,25.25,18.06,6.31,4.50,-43.56,5.19
Bev_rightArmSteadyData,35106,2025-03-23 23:36:49.463,0.18,0.04,-0.53,32.50,-37.44,60.13,3.75,-42.88,6.06
Bev_rightArmSteadyData,35214,2025-03-23 23:36:49.571,0.27,0.98,-0.69,9.31,-16.50,-1.06,0.19,-42.88,11.00
Bev_rightArmSteadyData,35320,2025-03-23 23:36:49.677,-0.13,-0.24,0.06,-1.31,2.06,-51.56,0.75,-42.50,10.19
Bev_rightArmSteadyData,35428,2025-03-23 23:36:49.786,0.11,-0.19,-0.43,-11.50,-33.13,-32.69,4.50,-42.06,11.38
Bev_rightArmSteadyData,35535,2025-03-23 23:36:49.893,-0.14,-0.38,-0.63,6.38,-20.25,-16.69,7.50,-42.06,8.50
Bev_rightArmSteadyData,35644,2025-03-23 23:36:50.000,0.00,-0.09,-1.15,9.13,-28.25,-15.00,9.06,-42.06,8.88
Bev_rightArmSteadyData,35755,2025-03-23 23:36:50.102,0.49,0.01,-0.62,-1.94,-18.81,-56.00,9.69,-41.69,9.38
Bev_rightArmSteadyData,35861,2025-03-23 23:36:50.217,0.20,-0.40,0.05,-1.00,-27.87,-65.12,14.88,-40.69,8.06
Bev_rightArmSteadyData,35969,2025-03-23 23:36:50.324,0.64,0.16,-0.28,-7.00,-34.69,-64.06,20.75,-37.75,7.69
Bev_rightArmSteadyData,36076,2025-03-23 23:36:50.434,0.16,0.26,-0.18,-18.12,-8.63,-99.37,26.37,-34.69,6.06
Bev_rightArmSteadyData,36186,2025-03-23 23:36:50.541,0.67,0.20,-0.28,-36.50,-16.25,-101.19,32.69,-30.25,5.19
Bev_rightArmSteadyData,36296,2025-03-23 23:36:50.652,1.03,0.19,-0.18,-46.25,-3.31,-83.75,36.38,-24.50,2.00
Bev_rightArmSteadyData,36406,2025-03-23 23:36:50.762,0.84,-0.16,-0.12,-57.81,6.38,-64.06,40.19,-19.56,0.37
Bev_rightArmSteadyData,36513,2025-03-23 23:36:50.868,0.78,-0.12,0.26,-57.94,17.69,-37.06,41.56,-14.75,-0.37
Bev_rightArmSteadyData,36621,2025-03-23 23:36:50.974,-0.38,-0.25,0.10,-3.63,77.19,-12.13,42.69,-11.00,0.50
Bev_rightArmSteadyData,36727,2025-03-23 23:36:51.085,-1.02,-0.63,-0.07,-40.69,-4.19,33.44,43.06,-9.88,3.25
Bev_rightArmSteadyData,36838,2025-03-23 23:36:51.196,0.50,-1.24,-0.14,-57.06,-58.19,96.62,42.00,-13.25,-0.37
Bev_rightArmSteadyData,36948,2025-03-23 23:36:51.302,1.44,-3.15,-1.22,-14.13,-63.38,146.44,38.69,-20.69,-6.19
Bev_rightArmSteadyData,37059,2025-03-23 23:36:51.413,-0.36,-2.26,-1.31,40.81,-30.12,125.31,32.69,-28.87,-9.75
Bev_rightArmSteadyData,37166,2025-03-23 23:36:51.523,-0.46,-0.97,-1.11,44.13,-23.12,88.19,24.37,-36.25,-9.75
Bev_rightArmSteadyData,37273,2025-03-23 23:36:51.630,-0.68,0.39,-0.06,37.25,-1.25,46.94,15.25,-41.75,-7.00
Bev_rightArmSteadyData,37381,2025-03-23 23:36:51.736,-0.64,0.01,-0.04,14.88,-11.94,33.50,12.00,-42.56,-4.06
Bev_rightArmSteadyData,37490,2025-03-23 23:36:51.847,-1.01,-0.03,-0.54,28.37,17.56,20.00,9.69,-43.69,-3.69
Bev_rightArmSteadyData,37600,2025-03-23 23:36:51.955,0.18,0.39,-0.91,26.62,19.87,36.88,7.50,-44.50,1.19
Bev_rightArmSteadyData,37709,2025-03-23 23:36:52.065,-0.28,0.27,-0.59,44.94,49.88,24.31,5.25,-44.50,2.38
Bev_rightArmSteadyData,37817,2025-03-23 23:36:52.170,-0.35,0.33,-0.41,36.25,-1.75,18.06,3.00,-44.50,5.19
Bev_rightArmSteadyData,37923,2025-03-23 23:36:52.278,-0.05,0.12,-0.15,17.25,-14.69,-3.63,0.75,-43.00,8.88
Bev_rightArmSteadyData,38031,2025-03-23 23:36:52.385,-0.05,-0.24,-0.20,7.19,-14.25,-26.87,1.88,-43.00,11.00
Bev_rightArmSteadyData,38138,2025-03-23 23:36:52.494,-0.01,-0.41,-0.57,-0.37,-27.25,-31.69,4.50,-42.56,10.56
Bev_rightArmSteadyData,38246,2025-03-23 23:36:52.601,-0.19,-0.24,-0.60,4.00,-17.50,-36.50,7.50,-42.56,10.56
Bev_rightArmSteadyData,38354,2025-03-23 23:36:52.702,0.34,-0.37,-0.52,-4.06,-15.94,-53.19,10.75,-41.75,10.19
Bev_rightArmSteadyData,38465,2025-03-23 23:36:52.819,0.18,-0.13,-0.10,-5.31,-6.63,-70.19,14.50,-40.38,9.75
Bev_rightArmSteadyData,38572,2025-03-23 23:36:52.929,0.49,0.22,-0.24,-15.13,-16.94,-83.37,20.06,-38.88,10.19
Bev_rightArmSteadyData,38679,2025-03-23 23:36:53.034,0.67,0.77,-0.17,-27.06,6.13,-111.69,27.87,-34.50,7.38
Bev_rightArmSteadyData,38787,2025-03-23 23:36:53.141,0.37,0.08,-0.21,-44.13,14.13,-100.37,33.75,-28.87,6.50
Bev_rightArmSteadyData,38896,2025-03-23 23:36:53.251,0.34,0.00,-0.19,-48.81,6.56,-88.44,37.19,-23.69,5.19
Bev_rightArmSteadyData,39006,2025-03-23 23:36:53.359,0.10,-0.47,0.08,-60.25,-2.50,-92.37,40.50,-18.50,2.50
Bev_rightArmSteadyData,39116,2025-03-23 23:36:53.470,0.88,0.09,0.03,-62.75,2.06,-75.81,42.19,-12.19,1.25
Bev_rightArmSteadyData,39224,2025-03-23 23:36:53.575,0.88,-0.07,-0.20,-54.31,-28.50,-9.38,42.19,-5.50,0.50
Bev_rightArmSteadyData,39330,2025-03-23 23:36:53.686,0.31,-0.78,0.47,-29.62,-54.44,70.87,42.69,-4.69,-2.88
Bev_rightArmSteadyData,39438,2025-03-23 23:36:53.793,-0.43,-1.24,-0.52,1.12,-37.63,91.69,42.25,-10.19,-7.38
Bev_rightArmSteadyData,39548,2025-03-23 23:36:53.900,0.42,-1.43,-1.09,39.94,-41.81,96.81,39.75,-15.75,-10.56
Bev_rightArmSteadyData,39658,2025-03-23 23:36:53.999,0.56,-1.66,-1.28,57.75,-37.06,102.12,35.69,-22.87,-11.00
Bev_rightArmSteadyData,39769,2025-03-23 23:36:54.124,-0.60,-1.99,-0.53,57.19,-15.75,100.06,30.50,-28.75,-11.50
Bev_rightArmSteadyData,39876,2025-03-23 23:36:54.230,-1.48,-1.32,-0.75,54.81,-17.12,82.31,25.25,-36.19,-8.88
Bev_rightArmSteadyData,39984,2025-03-23 23:36:54.338,-0.63,0.98,-0.43,52.69,9.31,60.50,17.50,-41.00,-3.56
Bev_rightArmSteadyData,40091,2025-03-23 23:36:54.443,-0.46,0.36,-0.03,35.44,8.50,56.25,12.69,-43.56,-0.69
Bev_rightArmSteadyData,40201,2025-03-23 23:36:54.554,-0.61,-0.34,-0.70,29.37,16.56,59.94,8.19,-43.56,2.75
Bev_rightArmSteadyData,40310,2025-03-23 23:36:54.665,0.51,0.75,-1.08,34.63,1.06,51.31,3.75,-44.00,5.19
Bev_rightArmSteadyData,40420,2025-03-23 23:36:54.772,-0.48,-0.28,-0.19,23.44,10.44,-10.69,-0.69,-44.38,7.69
Bev_rightArmSteadyData,40527,2025-03-23 23:36:54.879,-0.69,0.26,-0.14,10.50,-28.62,-9.75,0.06,-42.88,8.06
Bev_rightArmSteadyData,40635,2025-03-23 23:36:54.989,-0.30,-0.19,-0.33,-5.13,-22.31,-23.06,2.25,-43.25,8.56
Bev_rightArmSteadyData,40741,2025-03-23 23:36:55.095,0.05,-0.39,-0.90,-7.38,-27.00,-31.56,4.88,-43.56,9.50
Bev_rightArmSteadyData,40850,2025-03-23 23:36:55.201,0.26,-0.24,-0.35,-9.31,-16.81,-49.63,6.00,-42.88,9.00
Bev_rightArmSteadyData,40956,2025-03-23 23:36:55.301,-0.34,-0.05,-0.18,-8.38,-29.37,-61.38,10.06,-41.00,8.06
Bev_rightArmSteadyData,41065,2025-03-23 23:36:55.418,-0.12,0.08,-0.25,-19.56,-43.19,-89.62,16.37,-41.00,7.00
Bev_rightArmSteadyData,41175,2025-03-23 23:36:55.529,0.28,0.08,-0.44,-22.50,-29.75,-106.75,22.25,-38.06,4.50
Bev_rightArmSteadyData,41282,2025-03-23 23:36:55.635,0.45,-0.04,-0.55,-31.87,-9.25,-111.31,28.69,-34.06,2.06
Bev_rightArmSteadyData,41390,2025-03-23 23:36:55.742,0.75,-0.31,-0.31,-30.75,11.31,-97.12,36.38,-24.75,-1.06
Bev_rightArmSteadyData,41497,2025-03-23 23:36:55.849,0.71,0.08,-0.06,-35.50,17.06,-80.25,40.50,-18.50,0.06
Bev_rightArmSteadyData,41607,2025-03-23 23:36:55.960,0.54,-0.01,0.06,-39.94,15.06,-67.37,41.56,-13.00,-0.69
Bev_rightArmSteadyData,41716,2025-03-23 23:36:56.070,0.82,-0.43,0.15,-46.75,11.31,-48.19,43.75,-8.69,-0.25
Bev_rightArmSteadyData,41827,2025-03-23 23:36:56.180,0.70,-0.55,-0.05,9.31,29.69,-27.56,44.19,-4.25,-0.69
Bev_rightArmSteadyData,41933,2025-03-23 23:36:56.287,0.29,0.58,-0.01,-5.88,-46.06,22.69,44.19,-2.06,1.25
Bev_rightArmSteadyData,42041,2025-03-23 23:36:56.394,-0.11,-0.66,0.18,-32.31,-53.31,77.44,43.50,-4.38,-2.75
Bev_rightArmSteadyData,42148,2025-03-23 23:36:56.500,0.37,-1.29,-0.13,13.13,-23.37,106.87,43.06,-11.06,-7.25
Bev_rightArmSteadyData,42258,2025-03-23 23:36:56.599,0.21,-1.26,-1.35,-0.56,-13.31,107.37,38.69,-18.06,-10.88
Bev_rightArmSteadyData,42369,2025-03-23 23:36:56.721,-0.31,-1.98,-0.84,19.19,-9.00,94.75,35.00,-24.50,-10.50
Bev_rightArmSteadyData,42479,2025-03-23 23:36:56.831,-0.37,-1.55,0.12,35.13,-8.56,77.87,30.50,-30.00,-9.19
Bev_rightArmSteadyData,42586,2025-03-23 23:36:56.938,0.59,-1.13,-0.31,36.88,3.69,73.50,26.00,-34.50,-7.25
Bev_rightArmSteadyData,42693,2025-03-23 23:36:57.045,-0.71,-0.11,-0.56,54.50,17.37,77.25,19.25,-40.00,-4.00
Bev_rightArmSteadyData,42801,2025-03-23 23:36:57.150,-1.06,-0.62,-0.51,33.25,-8.88,75.37,14.19,-42.50,-0.25
Bev_rightArmSteadyData,42909,2025-03-23 23:36:57.262,-0.92,0.49,-0.38,32.94,1.56,78.25,7.75,-44.00,3.25
Bev_rightArmSteadyData,43018,2025-03-23 23:36:57.368,-0.85,0.49,-0.32,29.12,-4.31,35.31,2.69,-43.56,6.56
Bev_rightArmSteadyData,43125,2025-03-23 23:36:57.475,0.53,0.07,-0.46,14.94,-17.06,4.63,-0.25,-43.69,8.56
Bev_rightArmSteadyData,43234,2025-03-23 23:36:57.585,-0.01,-0.04,-0.21,2.81,-0.31,-35.81,-0.69,-43.25,9.88
Bev_rightArmSteadyData,43340,2025-03-23 23:36:57.692,0.20,-0.28,-0.46,1.94,0.19,-43.25,2.25,-44.06,10.69
Bev_rightArmSteadyData,43448,2025-03-23 23:36:57.798,0.19,-0.40,-0.62,-2.06,-13.69,-40.81,6.00,-43.25,10.69
Bev_rightArmSteadyData,43555,2025-03-23 23:36:57.901,0.28,-0.07,-0.65,0.88,-14.13,-50.94,9.69,-41.50,9.00
Bev_rightArmSteadyData,43664,2025-03-23 23:36:58.000,-0.31,0.13,-0.21,-14.38,-10.75,-95.69,14.25,-41.50,9.00
Bev_rightArmSteadyData,43774,2025-03-23 23:36:58.126,-0.03,-0.04,-0.11,-12.25,-9.69,-97.81,20.06,-38.88,8.56
Bev_rightArmSteadyData,43884,2025-03-23 23:36:58.237,0.96,-0.13,-0.13,-18.25,-16.69,-101.75,27.56,-34.75,7.75
Bev_rightArmSteadyData,43992,2025-03-23 23:36:58.342,0.79,-0.06,0.01,-24.19,-5.06,-98.44,32.00,-30.00,5.00
Bev_rightArmSteadyData,44099,2025-03-23 23:36:58.449,0.44,-0.17,-0.24,-28.56,7.94,-75.31,39.00,-21.06,2.88
Bev_rightArmSteadyData,44207,2025-03-23 23:36:58.556,0.31,0.16,0.12,-33.88,10.31,-70.44,40.50,-15.88,1.69
Bev_rightArmSteadyData,44316,2025-03-23 23:36:58.667,0.63,-0.45,0.01,-39.88,14.50,-71.44,43.19,-11.75,1.25
Bev_rightArmSteadyData,44426,2025-03-23 23:36:58.777,0.76,0.24,0.17,-50.13,-1.63,-17.87,42.69,-7.00,3.25
Bev_rightArmSteadyData,44536,2025-03-23 23:36:58.885,0.16,-0.34,0.15,-42.25,-28.81,29.50,42.75,-4.75,1.25
Bev_rightArmSteadyData,44643,2025-03-23 23:36:58.994,0.95,-1.48,-0.01,-36.63,-60.25,70.00,43.56,-6.56,-0.25
Bev_rightArmSteadyData,44750,2025-03-23 23:36:59.099,0.86,-2.13,-1.59,6.00,-39.69,93.62,40.88,-13.25,-8.06
Bev_rightArmSteadyData,44858,2025-03-23 23:36:59.200,1.31,-1.58,-1.14,46.25,-49.69,106.87,37.56,-20.25,-9.69
Bev_rightArmSteadyData,44966,2025-03-23 23:36:59.317,0.60,-2.59,-0.93,28.19,-11.44,125.50,32.75,-27.37,-11.38
Bev_rightArmSteadyData,45075,2025-03-23 23:36:59.425,-1.22,-1.20,-0.35,31.37,9.94,109.50,26.06,-34.06,-9.69
Bev_rightArmSteadyData,45182,2025-03-23 23:36:59.532,-1.21,0.74,-0.24,38.69,19.31,59.69,19.75,-39.25,-5.56
Bev_rightArmSteadyData,45291,2025-03-23 23:36:59.641,-0.41,-0.10,-0.44,31.31,24.12,46.19,14.56,-42.19,-2.75
Bev_rightArmSteadyData,45399,2025-03-23 23:36:59.748,-0.30,-0.28,0.08,40.56,32.25,63.38,11.69,-43.69,0.06
Bev_rightArmSteadyData,45505,2025-03-23 23:36:59.854,-0.92,0.59,-0.41,41.56,-15.19,89.94,5.38,-44.06,5.00
Bev_rightArmSteadyData,45613,2025-03-23 23:36:59.961,0.17,0.58,-1.06,16.56,-35.00,38.69,-2.75,-43.25,7.75
Bev_rightArmSteadyData,45722,2025-03-23 23:37:00.071,-0.20,-0.37,-0.74,6.13,-34.06,-8.38,-3.56,-43.25,8.56
Bev_rightArmSteadyData,45832,2025-03-23 23:37:00.182,0.23,-0.39,-0.39,11.94,-16.44,-12.44,-2.38,-42.56,10.69
Bev_rightArmSteadyData,45942,2025-03-23 23:37:00.293,-0.18,0.07,-0.34,11.88,-2.88,-24.44,-1.25,-42.19,11.50
Bev_rightArmSteadyData,46050,2025-03-23 23:37:00.399,-0.37,-0.14,-0.21,0.25,-11.50,-43.56,0.19,-42.56,10.69
Bev_rightArmSteadyData,46156,2025-03-23 23:37:00.501,0.07,-0.36,-0.41,-28.75,-49.69,-57.50,5.75,-41.75,11.88
Bev_rightArmSteadyData,46264,2025-03-23 23:37:00.600,-0.17,-0.39,-0.20,-15.75,-14.44,-76.81,10.19,-41.75,9.06
Bev_rightArmSteadyData,46373,2025-03-23 23:37:00.723,-0.01,-0.29,0.05,-13.25,0.31,-81.50,16.87,-40.00,8.25
Bev_rightArmSteadyData,46484,2025-03-23 23:37:00.833,0.87,-0.13,-0.26,-21.37,-4.31,-79.00,22.37,-38.06,6.69
Bev_rightArmSteadyData,46594,2025-03-23 23:37:00.943,0.60,-0.43,-0.16,-23.06,3.19,-76.25,27.56,-34.75,6.69
Bev_rightArmSteadyData,46701,2025-03-23 23:37:01.049,0.42,-0.29,-0.21,-19.69,10.63,-72.56,30.87,-30.69,4.19
Bev_rightArmSteadyData,46809,2025-03-23 23:37:01.149,0.23,-0.02,0.20,-14.44,25.31,-69.62,35.38,-25.06,4.56
Bev_rightArmSteadyData,46916,2025-03-23 23:37:01.264,0.19,0.02,-0.02,-20.62,2.31,-52.13,39.50,-21.50,4.19
Bev_rightArmSteadyData,47024,2025-03-23 23:37:01.371,0.31,0.41,0.17,-34.88,-12.13,-39.25,40.56,-18.06,2.56
Bev_rightArmSteadyData,47131,2025-03-23 23:37:01.481,0.32,-0.33,0.00,-67.50,-50.19,1.63,40.88,-15.88,1.00
Bev_rightArmSteadyData,47240,2025-03-23 23:37:01.587,-0.08,-1.08,-0.21,-55.88,-48.13,58.38,41.69,-15.06,-2.69
Bev_rightArmSteadyData,47348,2025-03-23 23:37:01.697,1.49,-2.14,-0.70,-30.50,-37.13,116.62,40.25,-18.06,-7.19
Bev_rightArmSteadyData,47456,2025-03-23 23:37:01.800,-0.07,-1.60,-0.56,-2.75,-43.81,140.13,36.06,-23.69,-10.50
Bev_rightArmSteadyData,47563,2025-03-23 23:37:01.900,-0.30,-1.34,-0.89,21.00,-22.69,87.87,25.00,-33.69,-13.25
Bev_rightArmSteadyData,47671,2025-03-23 23:37:02.018,-0.74,-1.66,-0.88,37.00,-4.38,62.19,19.69,-37.75,-11.75
Bev_rightArmSteadyData,47780,2025-03-23 23:37:02.128,-0.70,-0.02,-0.55,45.38,8.31,49.38,16.37,-40.38,-9.56
Bev_rightArmSteadyData,47890,2025-03-23 23:37:02.237,-0.66,-0.19,-0.25,50.13,0.25,20.37,13.00,-42.56,-6.38
Bev_rightArmSteadyData,48000,2025-03-23 23:37:02.349,-1.27,0.01,-0.19,38.63,6.56,28.94,10.75,-43.00,-3.50
Bev_rightArmSteadyData,48107,2025-03-23 23:37:02.455,-1.08,0.09,-0.40,23.69,14.25,24.12,7.50,-44.06,0.19
Bev_rightArmSteadyData,48215,2025-03-23 23:37:02.562,-0.37,-0.83,-0.42,26.31,-1.75,24.19,5.25,-45.19,2.06
Bev_rightArmSteadyData,48321,2025-03-23 23:37:02.668,-0.76,0.24,-0.33,34.06,4.00,22.75,3.00,-43.69,5.75
Bev_rightArmSteadyData,48431,2025-03-23 23:37:02.779,-0.61,0.00,-0.78,31.00,-23.94,32.44,0.75,-44.50,7.50
Bev_rightArmSteadyData,48540,2025-03-23 23:37:02.886,0.40,0.03,-0.49,15.19,-17.37,-13.06,0.50,-43.69,9.88
Bev_rightArmSteadyData,48649,2025-03-23 23:37:02.995,-0.07,-0.29,-0.40,0.12,-22.87,-28.06,0.75,-43.00,11.06
Bev_rightArmSteadyData,48756,2025-03-23 23:37:03.101,-0.02,-0.28,-0.55,-9.50,-34.63,-31.81,3.75,-43.00,12.69
Bev_rightArmSteadyData,48863,2025-03-23 23:37:03.200,0.18,-0.19,-0.64,-5.56,-16.75,-52.00,5.69,-42.19,10.25
Bev_rightArmSteadyData,48970,2025-03-23 23:37:03.317,-0.49,-0.44,-0.33,-3.38,-9.75,-67.37,12.75,-41.50,10.25
Bev_rightArmSteadyData,49078,2025-03-23 23:37:03.423,-0.21,-0.18,-0.07,0.25,-0.50,-79.06,17.50,-40.00,9.50
Bev_rightArmSteadyData,49186,2025-03-23 23:37:03.533,0.00,-0.21,0.14,-6.06,-4.63,-85.94,22.75,-37.00,9.88
Bev_rightArmSteadyData,49295,2025-03-23 23:37:03.642,0.27,-0.30,0.31,-10.75,-11.94,-81.94,27.50,-34.06,8.19
Bev_rightArmSteadyData,49405,2025-03-23 23:37:03.750,0.75,-0.29,0.09,-20.44,-17.94,-76.19,32.69,-29.56,6.56
Bev_rightArmSteadyData,49513,2025-03-23 23:37:03.860,0.48,-0.53,-0.34,-20.44,-4.44,-73.94,35.69,-24.75,5.25
Bev_rightArmSteadyData,49619,2025-03-23 23:37:03.966,0.38,0.00,-0.24,-25.56,-1.50,-71.69,40.50,-17.00,5.00
Bev_rightArmSteadyData,49727,2025-03-23 23:37:04.073,1.08,0.24,-0.34,-25.12,-2.44,-61.00,41.56,-14.38,5.00
Bev_rightArmSteadyData,49837,2025-03-23 23:37:04.184,0.59,0.31,0.45,-19.69,-2.50,-41.06,42.25,-10.00,4.06
Bev_rightArmSteadyData,49946,2025-03-23 23:37:04.292,0.45,0.00,-0.32,-30.94,-16.44,-15.00,42.69,-6.88,2.88
Bev_rightArmSteadyData,50055,2025-03-23 23:37:04.399,0.40,-0.52,-0.17,-46.00,0.81,14.13,43.06,-5.38,2.06
Bev_rightArmSteadyData,50161,2025-03-23 23:37:04.504,-0.25,-0.61,-0.24,-54.13,5.44,42.06,43.50,-6.88,0.88
Bev_rightArmSteadyData,50269,2025-03-23 23:37:04.600,0.30,-0.84,-0.18,-56.13,-18.00,70.44,43.06,-9.88,-0.25
Bev_rightArmSteadyData,50376,2025-03-23 23:37:04.721,0.54,-1.89,-0.96,-44.00,-72.94,128.25,40.19,-17.37,-4.38
Bev_rightArmSteadyData,50483,2025-03-23 23:37:04.828,0.40,-1.85,-0.67,13.50,-60.50,134.19,35.00,-25.06,-10.50
Bev_rightArmSteadyData,50591,2025-03-23 23:37:04.938,0.12,-1.28,-0.93,40.19,-24.87,116.62,27.25,-31.75,-13.75
Bev_rightArmSteadyData,50701,2025-03-23 23:37:05.045,-1.09,-0.48,-0.30,50.38,-0.75,80.50,20.50,-37.75,-12.06
Bev_rightArmSteadyData,50810,2025-03-23 23:37:05.149,-0.30,-0.08,-0.56,41.38,-11.75,48.06,14.50,-41.50,-8.00
Bev_rightArmSteadyData,50918,2025-03-23 23:37:05.262,-0.68,0.15,-0.21,32.94,-12.38,29.62,10.88,-43.56,-6.38
Bev_rightArmSteadyData,51025,2025-03-23 23:37:05.372,-0.27,0.46,-0.28,28.12,-1.69,32.75,7.25,-44.00,-1.75
Bev_rightArmSteadyData,51133,2025-03-23 23:37:05.478,-0.15,-0.26,-0.50,34.81,-4.25,29.50,4.56,-43.69,2.56
Bev_rightArmSteadyData,51243,2025-03-23 23:37:05.585,-0.18,0.55,-0.90,36.31,10.69,16.62,2.75,-44.50,3.75
Bev_rightArmSteadyData,51352,2025-03-23 23:37:05.696,0.13,-0.21,-0.07,42.63,3.63,16.50,0.19,-43.69,6.25
Bev_rightArmSteadyData,51463,2025-03-23 23:37:05.800,0.55,0.57,-0.04,37.00,-48.13,41.75,-0.56,-43.25,10.00
Bev_rightArmSteadyData,51569,2025-03-23 23:37:05.900,0.72,0.18,-0.55,5.56,5.00,-8.38,-2.75,-43.00,12.75
Bev_rightArmSteadyData,51677,2025-03-23 23:37:06.019,-0.66,-0.07,-0.25,7.63,-11.75,-17.56,-1.69,-42.19,12.38
Bev_rightArmSteadyData,51784,2025-03-23 23:37:06.128,0.80,0.07,-0.72,-3.50,-28.25,-34.25,-0.56,-42.19,14.06
Bev_rightArmSteadyData,51893,2025-03-23 23:37:06.224,0.83,0.28,-0.57,-23.06,-7.13,-89.00,4.25,-42.19,13.69
Bev_rightArmSteadyData,52001,2025-03-23 23:37:06.346,-0.15,-0.57,0.14,-14.88,20.37,-82.12,10.56,-41.06,10.38
Bev_rightArmSteadyData,52109,2025-03-23 23:37:06.453,0.03,-0.55,0.04,-19.81,-7.38,-63.75,16.06,-40.75,9.06
Bev_rightArmSteadyData,52217,2025-03-23 23:37:06.559,-0.25,-0.47,0.06,-23.19,-18.81,-59.19,20.19,-39.38,8.69
Bev_rightArmSteadyData,52325,2025-03-23 23:37:06.669,-0.03,-0.36,-0.17,-22.94,-17.94,-58.69,24.19,-37.50,5.50
Bev_rightArmSteadyData,52431,2025-03-23 23:37:06.776,0.20,-0.24,-0.18,-25.31,3.06,-49.00,29.37,-33.75,2.69
Bev_rightArmSteadyData,52539,2025-03-23 23:37:06.883,0.46,0.17,-0.09,-22.37,-6.69,-21.50,31.19,-31.56,1.50
Bev_rightArmSteadyData,52648,2025-03-23 23:37:06.992,-0.49,-0.01,-0.14,-13.25,-12.50,-0.12,32.69,-29.37,0.25
Bev_rightArmSteadyData,52758,2025-03-23 23:37:07.101,-0.53,0.14,0.07,7.31,-3.00,31.69,32.25,-30.37,-1.37
Bev_rightArmSteadyData,52868,2025-03-23 23:37:07.207,-0.84,-0.50,0.46,11.38,-21.19,71.81,30.75,-31.56,-0.06
Bev_rightArmSteadyData,52974,2025-03-23 23:37:07.317,-1.20,-1.20,0.26,5.88,-31.12,73.69,28.25,-33.38,-1.37
Bev_rightArmSteadyData,53082,2025-03-23 23:37:07.425,0.60,-1.98,-0.83,-16.44,-24.56,42.94,21.19,-38.56,-3.00
Bev_rightArmSteadyData,53189,2025-03-23 23:37:07.532,0.47,-0.81,-0.79,4.44,-6.31,12.25,20.06,-40.88,-4.56
Bev_rightArmSteadyData,53298,2025-03-23 23:37:07.641,0.14,-0.42,0.13,1.12,-6.75,7.31,18.25,-41.06,-3.75
Bev_rightArmSteadyData,53406,2025-03-23 23:37:07.747,0.30,-0.13,-0.56,-2.69,-0.56,-16.81,17.19,-41.06,-5.38
Bev_rightArmSteadyData,53514,2025-03-23 23:37:07.858,0.52,-0.47,-0.37,0.19,0.50,-12.31,18.25,-40.75,-3.75
Bev_rightArmSteadyData,53622,2025-03-23 23:37:07.965,0.48,-0.80,-0.12,4.88,17.31,4.94,19.25,-39.56,-5.00
Bev_rightArmSteadyData,53730,2025-03-23 23:37:08.071,-0.69,0.29,-0.11,9.50,20.31,9.19,19.00,-40.38,-3.00
Bev_rightArmSteadyData,53836,2025-03-23 23:37:08.179,-0.42,-1.88,-0.06,-0.94,11.69,-1.12,18.25,-41.06,-3.38
Bev_rightArmSteadyData,53944,2025-03-23 23:37:08.284,-0.78,-1.52,0.00,12.25,-0.88,6.75,17.19,-41.06,-3.00
Bev_rightArmSteadyData,54053,2025-03-23 23:37:08.395,-1.54,0.00,-0.09,22.00,19.94,9.69,16.37,-40.75,-1.69
Bev_rightArmSteadyData,54163,2025-03-23 23:37:08.500,0.00,1.50,-0.03,15.69,25.19,36.13,16.37,-41.50,0.69
Bev_rightArmSteadyData,54274,2025-03-23 23:37:08.616,1.15,1.17,-0.66,17.62,6.69,75.06,13.06,-43.00,3.50
Bev_rightArmSteadyData,54380,2025-03-23 23:37:08.722,1.01,0.66,-0.35,43.94,7.38,44.94,8.69,-43.38,4.25
Bev_rightArmSteadyData,54488,2025-03-23 23:37:08.829,1.33,0.41,-0.41,43.69,-16.37,69.62,2.75,-43.75,10.06
Bev_rightArmSteadyData,54595,2025-03-23 23:37:08.936,1.21,-0.12,-0.39,-11.31,-16.75,-5.06,-1.25,-42.69,10.88
Bev_rightArmSteadyData,54705,2025-03-23 23:37:09.046,-0.12,-0.31,-0.68,0.63,-5.38,-4.81,-1.25,-43.38,10.88
Bev_rightArmSteadyData,54814,2025-03-23 23:37:09.151,0.18,-0.34,-0.33,5.38,-1.00,-4.50,-1.25,-43.38,11.69
Bev_rightArmSteadyData,54922,2025-03-23 23:37:09.262,0.16,-0.47,0.04,-0.19,-6.69,-0.06,-0.19,-43.38,12.50
Bev_rightArmSteadyData,55029,2025-03-23 23:37:09.369,0.00,-0.28,-0.12,-9.00,-8.63,5.13,0.19,-43.38,12.06
Bev_rightArmSteadyData,55136,2025-03-23 23:37:09.477,-0.29,-0.33,-0.29,-6.25,-4.19,5.13,0.19,-42.69,11.25
Bev_rightArmSteadyData,55243,2025-03-23 23:37:09.574,0.29,-0.15,-0.60,-9.69,-5.75,-4.69,-0.56,-43.38,10.50
Bev_rightArmSteadyData,55350,2025-03-23 23:37:09.693,0.65,0.25,-0.30,-25.56,5.06,-43.63,-0.19,-43.75,10.06
Bev_rightArmSteadyData,55458,2025-03-23 23:37:09.800,1.00,0.74,-0.50,-35.56,4.88,-61.56,3.88,-44.19,8.00
Bev_rightArmSteadyData,55568,2025-03-23 23:37:09.901,0.30,0.69,-0.16,-29.12,5.31,-56.31,8.25,-43.38,6.38
Bev_rightArmSteadyData,55678,2025-03-23 23:37:10.020,-0.10,0.60,0.43,-26.06,-8.06,-40.88,13.50,-43.06,3.88
Bev_rightArmSteadyData,55786,2025-03-23 23:37:10.127,-0.87,0.25,0.78,-3.44,-17.75,-23.44,16.50,-41.69,1.50
Bev_rightArmSteadyData,55892,2025-03-23 23:37:10.233,-0.80,-0.15,0.60,1.19,-4.38,-0.94,18.00,-40.56,-0.06
Bev_rightArmSteadyData,56000,2025-03-23 23:37:10.341,-0.69,-0.43,0.84,-3.81,-14.75,29.62,17.56,-40.19,-0.50
Bev_rightArmSteadyData,56110,2025-03-23 23:37:10.450,-0.23,-2.38,0.65,11.38,-37.25,51.19,15.75,-42.00,-0.88
Bev_rightArmSteadyData,56220,2025-03-23 23:37:10.561,-0.72,-2.47,-0.39,-1.50,-30.00,20.69,12.06,-42.38,-0.88
Bev_rightArmSteadyData,56330,2025-03-23 23:37:10.671,-0.06,-1.48,-0.94,-23.69,21.19,-25.87,11.25,-43.19,-1.69
Bev_rightArmSteadyData,56436,2025-03-23 23:37:10.778,-0.24,-0.13,0.44,0.37,33.94,-23.06,12.38,-42.75,-2.19
Bev_rightArmSteadyData,56544,2025-03-23 23:37:10.884,0.22,0.43,0.34,11.75,14.94,-22.81,14.25,-42.38,-1.69
Bev_rightArmSteadyData,56651,2025-03-23 23:37:10.991,0.53,-1.56,0.42,4.88,-5.50,-3.88,15.75,-41.69,-1.37
Bev_rightArmSteadyData,56760,2025-03-23 23:37:11.098,-0.06,-2.61,0.17,-3.88,2.69,34.00,16.06,-41.25,-1.37
Bev_rightArmSteadyData,56866,2025-03-23 23:37:11.201,-1.58,-0.22,0.53,-8.19,6.50,25.06,13.88,-43.19,-0.88
Bev_rightArmSteadyData,56975,2025-03-23 23:37:11.302,-0.88,0.95,0.48,-19.06,10.56,4.81,12.75,-43.50,-1.69
Bev_rightArmSteadyData,57084,2025-03-23 23:37:11.425,1.41,0.54,0.11,-10.81,23.44,9.81,12.38,-42.75,-1.37
Bev_rightArmSteadyData,57192,2025-03-23 23:37:11.531,1.68,1.85,-0.38,-13.19,0.63,-11.19,12.19,-42.75,-0.88
Bev_rightArmSteadyData,57298,2025-03-23 23:37:11.638,0.90,-0.15,-0.21,-6.44,-8.31,-7.63,13.56,-43.50,-0.50
Bev_rightArmSteadyData,57406,2025-03-23 23:37:11.745,-0.04,-0.46,-0.07,7.63,5.31,12.94,13.19,-42.75,-0.88
Bev_rightArmSteadyData,57513,2025-03-23 23:37:11.852,-0.27,-0.10,-0.09,9.81,-10.75,6.81,12.50,-43.38,-0.50
Bev_rightArmSteadyData,57622,2025-03-23 23:37:11.962,-0.51,-0.52,0.01,12.88,1.75,9.56,11.75,-43.75,-0.37
Bev_rightArmSteadyData,57730,2025-03-23 23:37:12.068,-0.40,-0.28,0.29,10.81,-2.69,3.81,11.00,-43.75,0.00
Bev_rightArmSteadyData,57838,2025-03-23 23:37:12.178,-0.02,-0.22,0.05,11.75,-13.38,-6.56,10.69,-43.75,0.75
Bev_rightArmSteadyData,57946,2025-03-23 23:37:12.286,0.21,-0.44,-0.06,10.56,-11.00,-3.25,11.00,-44.19,2.00
Bev_rightArmSteadyData,58052,2025-03-23 23:37:12.391,-0.23,-0.16,-0.04,11.31,1.69,6.75,11.75,-44.56,3.19
Bev_rightArmSteadyData,58160,2025-03-23 23:37:12.498,-0.31,-0.38,0.14,4.81,-6.38,1.56,11.75,-43.06,3.06
Bev_rightArmSteadyData,58268,2025-03-23 23:37:12.599,-0.22,-0.35,-0.19,3.69,3.75,-1.19,11.00,-42.69,4.38
Bev_rightArmSteadyData,58379,2025-03-23 23:37:12.716,0.92,-0.14,-0.69,7.44,-27.19,15.06,10.69,-43.38,4.00
Bev_rightArmSteadyData,58488,2025-03-23 23:37:12.826,0.70,5.72,-0.35,-29.94,44.38,-60.88,9.88,-42.69,4.00
Bev_rightArmSteadyData,58596,2025-03-23 23:37:12.925,-0.29,1.05,0.36,-74.87,30.31,-102.37,13.56,-42.69,2.38
Bev_rightArmSteadyData,58702,2025-03-23 23:37:13.043,1.51,-0.58,0.60,-42.88,24.37,-66.62,23.25,-38.25,-3.00
Bev_rightArmSteadyData,58810,2025-03-23 23:37:13.150,2.42,-3.32,0.80,-22.37,-17.44,39.00,27.37,-35.00,-5.38
Bev_rightArmSteadyData,58920,2025-03-23 23:37:13.259,-0.97,-4.92,-1.79,31.31,-28.56,50.50,25.50,-36.50,-7.50
Bev_rightArmSteadyData,59030,2025-03-23 23:37:13.367,-0.48,-1.41,0.32,-4.06,-14.69,41.00,21.75,-38.75,-6.69
Bev_rightArmSteadyData,59140,2025-03-23 23:37:13.477,-0.33,-1.59,-0.03,-9.44,18.19,36.31,20.25,-40.25,-5.88
Bev_rightArmSteadyData,59247,2025-03-23 23:37:13.583,-1.24,-0.66,0.84,9.25,18.56,24.19,17.00,-39.88,-5.38
Bev_rightArmSteadyData,59355,2025-03-23 23:37:13.694,-1.11,-0.70,1.68,24.94,10.25,51.94,13.56,-42.88,-4.19
Bev_rightArmSteadyData,59462,2025-03-23 23:37:13.800,-1.48,0.89,-0.07,28.12,0.63,66.75,8.38,-44.00,-0.88
Bev_rightArmSteadyData,59570,2025-03-23 23:37:13.901,-0.07,0.80,-0.13,38.50,-17.25,60.69,3.19,-44.75,1.88
Bev_rightArmSteadyData,59677,2025-03-23 23:37:14.002,2.14,1.33,-1.68,9.75,-43.63,84.00,-0.75,-43.69,4.25
Bev_rightArmSteadyData,59786,2025-03-23 23:37:14.124,1.36,1.92,-0.69,2.13,15.81,-39.75,-5.56,-43.69,6.00
Bev_rightArmSteadyData,59895,2025-03-23 23:37:14.231,1.23,0.79,-0.18,-6.56,27.50,-94.81,-3.75,-43.38,6.75
Bev_rightArmSteadyData,60002,2025-03-23 23:37:14.341,0.23,0.80,-0.60,-15.50,10.25,-101.00,1.37,-43.00,6.75
Bev_rightArmSteadyData,60109,2025-03-23 23:37:14.447,0.00,1.70,-0.31,-28.50,-6.50,-150.88,12.88,-43.00,5.25
Bev_rightArmSteadyData,60217,2025-03-23 23:37:14.555,0.85,1.69,0.06,-40.13,-24.62,-169.69,23.56,-38.50,2.25
Bev_rightArmSteadyData,60326,2025-03-23 23:37:14.664,1.62,1.13,0.14,-26.06,-16.62,-121.75,32.75,-31.50,-0.50
Bev_rightArmSteadyData,60436,2025-03-23 23:37:14.772,0.67,0.16,0.49,-2.00,0.69,-34.38,38.38,-23.37,-1.56
Bev_rightArmSteadyData,60546,2025-03-23 23:37:14.882,0.25,-0.55,0.79,9.31,6.31,92.12,38.25,-21.37,-3.00
Bev_rightArmSteadyData,60653,2025-03-23 23:37:14.989,-0.27,-1.27,0.63,-4.38,-27.12,169.56,35.75,-25.37,-2.56
Bev_rightArmSteadyData,60760,2025-03-23 23:37:15.095,-0.93,-1.34,-0.43,14.38,-41.13,125.56,23.87,-37.69,-3.69
Bev_rightArmSteadyData,60867,2025-03-23 23:37:15.205,-0.10,-0.69,-0.45,-9.38,-22.56,87.87,17.87,-41.00,-4.06
Bev_rightArmSteadyData,60976,2025-03-23 23:37:15.312,-1.42,-3.65,-0.85,-26.62,-28.19,97.37,11.56,-42.75,-7.00
Bev_rightArmSteadyData,61084,2025-03-23 23:37:15.422,3.46,-6.20,-0.78,-26.69,-7.88,25.87,2.69,-44.19,-8.19
Bev_rightArmSteadyData,61192,2025-03-23 23:37:15.528,-1.54,-1.30,0.36,30.50,-2.81,12.75,-1.37,-43.25,-9.25
Bev_rightArmSteadyData,61300,2025-03-23 23:37:15.624,-2.78,1.02,0.60,49.69,9.81,-12.25,-0.75,-44.06,-5.69
Bev_rightArmSteadyData,61408,2025-03-23 23:37:15.743,-0.24,2.75,0.04,8.88,-11.38,-33.56,-1.37,-44.06,-1.19
Bev_rightArmSteadyData,61514,2025-03-23 23:37:15.850,1.01,0.39,0.03,-20.06,-5.31,-45.13,3.38,-44.56,0.06
Bev_rightArmSteadyData,61622,2025-03-23 23:37:15.959,-0.16,-0.50,0.25,-4.13,-15.00,-40.06,6.00,-43.75,-0.25
Bev_rightArmSteadyData,61731,2025-03-23 23:37:16.067,-0.64,-0.15,0.30,6.69,-35.38,-37.38,9.69,-43.75,0.06
Bev_rightArmSteadyData,61841,2025-03-23 23:37:16.177,-0.82,1.37,-0.06,0.00,-14.94,-35.63,10.75,-43.75,0.06
Bev_rightArmSteadyData,61952,2025-03-23 23:37:16.286,-0.05,1.59,-0.13,-35.88,-10.06,-72.25,14.38,-42.56,-0.37
Bev_rightArmSteadyData,62059,2025-03-23 23:37:16.394,0.48,1.61,-0.79,-37.56,-5.25,-90.00,18.19,-40.38,-2.88
Bev_rightArmSteadyData,62166,2025-03-23 23:37:16.500,0.73,0.82,-0.99,-29.44,6.31,-94.50,27.37,-34.50,-4.50
Bev_rightArmSteadyData,62273,2025-03-23 23:37:16.610,0.87,0.36,-0.40,-11.00,21.44,-76.25,32.56,-30.25,-6.56
Bev_rightArmSteadyData,62383,2025-03-23 23:37:16.718,1.10,-0.28,0.01,-0.69,30.19,-48.19,36.69,-25.50,-5.25
Bev_rightArmSteadyData,62492,2025-03-23 23:37:16.827,0.27,-0.21,0.23,-10.25,32.00,-22.31,37.75,-23.00,-2.88
Bev_rightArmSteadyData,62600,2025-03-23 23:37:16.934,0.22,-0.06,0.36,-1.44,27.25,-16.25,38.56,-20.69,-2.00
Bev_rightArmSteadyData,62707,2025-03-23 23:37:17.041,0.30,0.32,0.23,16.12,11.75,1.19,40.06,-19.87,-0.25
Bev_rightArmSteadyData,62815,2025-03-23 23:37:17.150,0.19,0.17,0.76,24.25,-8.38,24.87,38.56,-18.87,0.75
Bev_rightArmSteadyData,62921,2025-03-23 23:37:17.257,0.11,-0.05,0.35,1.19,-19.19,50.81,38.56,-21.69,0.50
Bev_rightArmSteadyData,63029,2025-03-23 23:37:17.364,-0.39,-0.37,0.21,-21.75,-16.06,72.37,36.69,-25.00,-0.25
Bev_rightArmSteadyData,63137,2025-03-23 23:37:17.471,0.14,0.10,0.78,-55.25,-9.13,79.75,33.38,-28.75,-2.38
Bev_rightArmSteadyData,63247,2025-03-23 23:37:17.581,1.83,-1.21,-0.87,-53.06,-11.19,143.94,29.25,-32.88,-7.25
Bev_rightArmSteadyData,63357,2025-03-23 23:37:17.692,-2.05,-1.72,-2.08,48.38,-21.06,135.06,20.69,-37.25,-10.56
Bev_rightArmSteadyData,63464,2025-03-23 23:37:17.799,-0.50,-2.77,-1.08,76.00,-54.50,72.87,10.69,-41.38,-8.88
Bev_rightArmSteadyData,63571,2025-03-23 23:37:17.903,-1.20,0.09,0.42,58.38,-21.00,55.00,0.37,-43.56,-2.00
Bev_rightArmSteadyData,63679,2025-03-23 23:37:18.012,-0.71,2.08,0.19,26.06,-8.44,18.12,-4.38,-44.06,2.50
Bev_rightArmSteadyData,63789,2025-03-23 23:37:18.122,0.43,0.42,-0.32,-12.19,-3.56,-31.44,-3.75,-43.69,4.00
Bev_rightArmSteadyData,63898,2025-03-23 23:37:18.232,-0.11,-0.68,-0.83,-9.69,-19.12,-22.56,-1.88,-44.06,2.88
Bev_rightArmSteadyData,64009,2025-03-23 23:37:18.343,-0.91,-0.23,0.01,-1.50,-13.06,-20.19,-0.75,-44.50,3.69
Bev_rightArmSteadyData,64116,2025-03-23 23:37:18.449,-0.37,-0.62,-0.14,6.88,5.44,-3.31,1.06,-44.06,3.19
Bev_rightArmSteadyData,64223,2025-03-23 23:37:18.556,0.28,1.60,-0.18,3.19,8.75,5.25,1.75,-44.06,4.75
Bev_rightArmSteadyData,64330,2025-03-23 23:37:18.662,1.11,0.91,-0.39,-14.88,8.25,-24.31,1.75,-43.69,4.75
Bev_rightArmSteadyData,64440,2025-03-23 23:37:18.773,0.90,0.62,-0.62,-11.69,9.38,-36.69,3.25,-43.69,2.75
Bev_rightArmSteadyData,64548,2025-03-23 23:37:18.883,0.42,0.94,-0.67,-22.06,-1.56,-59.94,6.69,-43.25,2.75
Bev_rightArmSteadyData,64656,2025-03-23 23:37:18.990,-0.09,0.35,-0.78,-24.37,-0.19,-73.62,10.00,-43.00,0.75
Bev_rightArmSteadyData,64763,2025-03-23 23:37:19.096,-0.64,-1.35,-0.60,-10.00,-1.44,-69.19,16.69,-41.06,-0.75
Bev_rightArmSteadyData,64871,2025-03-23 23:37:19.203,-0.02,-0.21,-0.42,2.63,7.69,-62.56,21.50,-38.88,-2.88
Bev_rightArmSteadyData,64978,2025-03-23 23:37:19.302,0.76,0.85,-0.43,0.37,9.00,-60.56,27.00,-35.19,-2.06
Bev_rightArmSteadyData,65085,2025-03-23 23:37:19.420,0.23,0.91,-0.22,-0.94,22.69,-62.19,31.00,-32.19,-0.75
Bev_rightArmSteadyData,65195,2025-03-23 23:37:19.527,0.22,0.63,-0.01,5.13,21.81,-66.81,33.25,-28.87,0.37
Bev_rightArmSteadyData,65304,2025-03-23 23:37:19.637,0.24,0.66,0.16,7.13,8.50,-58.81,36.19,-24.50,1.56
Bev_rightArmSteadyData,65414,2025-03-23 23:37:19.748,0.48,0.00,0.12,-3.44,18.69,-34.81,38.50,-21.06,2.00
Bev_rightArmSteadyData,65521,2025-03-23 23:37:19.854,0.15,-0.16,0.22,-1.19,32.50,-17.37,39.56,-18.06,2.38
Bev_rightArmSteadyData,65629,2025-03-23 23:37:19.961,-0.02,-0.84,0.50,26.37,18.06,-37.06,40.38,-15.06,5.38
Bev_rightArmSteadyData,65735,2025-03-23 23:37:20.068,0.88,-0.34,0.87,48.00,9.19,-66.50,41.88,-11.50,7.00
Bev_rightArmSteadyData,65846,2025-03-23 23:37:20.174,0.82,-0.57,0.22,-11.38,-19.56,-39.31,43.38,-6.56,7.00
Bev_rightArmSteadyData,65955,2025-03-23 23:37:20.289,1.15,-0.77,-0.80,-45.88,-26.87,24.69,43.00,-4.75,4.88
Bev_rightArmSteadyData,66066,2025-03-23 23:37:20.400,0.97,-1.02,-0.56,-28.31,-9.75,35.00,43.00,-7.00,2.06
Bev_rightArmSteadyData,66173,2025-03-23 23:37:20.502,1.20,-2.19,-0.38,-17.44,-31.19,52.25,43.00,-9.19,0.50
Bev_rightArmSteadyData,66280,2025-03-23 23:37:20.612,1.20,-1.27,0.22,-4.63,-20.50,68.37,41.88,-15.06,-0.69
Bev_rightArmSteadyData,66387,2025-03-23 23:37:20.719,1.14,-0.76,-0.09,-22.69,-12.31,93.19,39.69,-20.25,-2.38
Bev_rightArmSteadyData,66497,2025-03-23 23:37:20.829,-0.60,0.08,-0.06,-10.25,13.31,96.62,34.88,-27.37,-4.38
Bev_rightArmSteadyData,66608,2025-03-23 23:37:20.940,-0.81,-0.65,-0.46,-1.94,7.63,75.69,31.19,-31.50,-3.88
Bev_rightArmSteadyData,66716,2025-03-23 23:37:21.047,-0.34,-0.68,-0.58,5.81,4.00,61.06,26.00,-36.25,-1.88
Bev_rightArmSteadyData,66824,2025-03-23 23:37:21.156,0.62,0.06,-0.31,18.31,22.69,78.69,21.56,-38.50,1.00
Bev_rightArmSteadyData,66931,2025-03-23 23:37:21.263,1.02,0.90,-0.04,18.19,17.81,86.56,13.88,-43.00,1.75
Bev_rightArmSteadyData,67038,2025-03-23 23:37:21.369,0.16,-0.07,-0.13,20.50,6.88,103.50,6.88,-44.88,3.75
Bev_rightArmSteadyData,67146,2025-03-23 23:37:21.476,1.10,1.88,-0.53,23.94,10.50,67.19,-0.88,-44.56,6.25
Bev_rightArmSteadyData,67253,2025-03-23 23:37:21.583,0.08,0.65,-0.12,-12.19,25.69,-22.56,-4.88,-43.75,7.88
Bev_rightArmSteadyData,67362,2025-03-23 23:37:21.693,0.00,-0.23,0.00,0.44,10.25,-9.31,-4.50,-43.75,5.06
Bev_rightArmSteadyData,67472,2025-03-23 23:37:21.802,0.97,0.15,-0.68,-1.81,-15.69,9.81,-3.56,-43.75,7.56
Bev_rightArmSteadyData,67578,2025-03-23 23:37:21.905,-0.39,0.38,-0.46,9.44,15.19,-4.81,-4.56,-43.75,7.19
Bev_rightArmSteadyData,67686,2025-03-23 23:37:22.017,0.00,0.30,-0.35,4.13,-14.38,-8.81,-4.56,-43.38,7.19
Bev_rightArmSteadyData,67793,2025-03-23 23:37:22.124,0.07,0.20,-0.12,7.81,-10.94,-16.62,-3.75,-43.06,8.38
Bev_rightArmSteadyData,67900,2025-03-23 23:37:22.230,0.18,-0.07,-0.23,6.56,-6.38,-18.56,-2.25,-43.06,9.19
Bev_rightArmSteadyData,68007,2025-03-23 23:37:22.337,0.45,0.06,-0.43,-1.31,-7.56,-24.62,-0.06,-43.38,7.56
Bev_rightArmSteadyData,68115,2025-03-23 23:37:22.447,0.02,-0.05,-0.01,-0.88,6.06,-35.44,1.75,-43.06,8.38
Bev_rightArmSteadyData,68225,2025-03-23 23:37:22.554,-0.22,-0.25,-0.04,2.88,3.38,-31.44,4.00,-43.75,7.56
Bev_rightArmSteadyData,68332,2025-03-23 23:37:22.664,-0.03,-0.14,-0.28,9.94,-3.38,-15.88,6.56,-43.06,8.75
Bev_rightArmSteadyData,68439,2025-03-23 23:37:22.770,0.34,-0.05,-0.23,11.31,0.81,-26.00,8.75,-42.25,10.50
Bev_rightArmSteadyData,68546,2025-03-23 23:37:22.877,0.31,-0.01,-0.28,12.19,3.56,-29.37,10.19,-41.88,10.50
Bev_rightArmSteadyData,68656,2025-03-23 23:37:22.988,0.77,0.74,-0.22,16.06,2.25,-46.06,12.38,-41.56,12.88
Bev_rightArmSteadyData,68765,2025-03-23 23:37:23.095,0.33,0.49,-0.17,-9.56,5.00,-103.75,16.50,-39.69,11.69
Bev_rightArmSteadyData,68876,2025-03-23 23:37:23.203,1.14,0.30,0.39,-27.06,-17.44,-94.94,22.75,-36.38,12.88
Bev_rightArmSteadyData,68983,2025-03-23 23:37:23.312,-0.08,-0.42,0.48,-29.62,-37.38,-84.25,29.19,-32.25,10.06
Bev_rightArmSteadyData,69091,2025-03-23 23:37:23.422,-0.57,-0.34,-0.30,-21.37,-21.56,-66.37,35.88,-25.69,3.06
Bev_rightArmSteadyData,69198,2025-03-23 23:37:23.529,-0.71,-0.66,0.04,-2.50,-2.81,-64.25,38.50,-21.69,-0.06
Bev_rightArmSteadyData,69308,2025-03-23 23:37:23.638,0.28,-1.14,0.35,25.56,-6.13,-39.88,41.38,-17.19,-0.50
Bev_rightArmSteadyData,69417,2025-03-23 23:37:23.749,0.46,-1.15,0.32,24.25,-9.25,-10.44,42.25,-15.06,-0.50
Bev_rightArmSteadyData,69527,2025-03-23 23:37:23.856,0.80,-1.41,0.19,1.25,-12.69,6.81,42.25,-13.56,-0.50
Bev_rightArmSteadyData,69635,2025-03-23 23:37:23.963,0.76,-1.51,-0.53,-7.94,-11.63,30.62,41.50,-14.25,-1.69
Bev_rightArmSteadyData,69742,2025-03-23 23:37:24.072,0.39,-1.21,-0.46,-17.81,-19.12,50.63,41.06,-16.87,-4.06
Bev_rightArmSteadyData,69849,2025-03-23 23:37:24.180,0.17,-1.49,-0.41,-3.94,-11.50,57.19,38.19,-20.56,-5.88
Bev_rightArmSteadyData,69958,2025-03-23 23:37:24.286,0.32,-1.57,-0.46,-7.81,-5.19,84.62,36.69,-25.06,-7.88
Bev_rightArmSteadyData,70066,2025-03-23 23:37:24.396,0.21,-1.12,-0.38,16.12,19.31,104.31,32.25,-30.25,-7.00
Bev_rightArmSteadyData,70173,2025-03-23 23:37:24.502,-0.19,-0.07,0.29,41.19,13.44,97.56,26.75,-35.88,-5.75
Bev_rightArmSteadyData,70283,2025-03-23 23:37:24.602,-0.04,0.67,0.46,32.19,1.00,88.06,19.69,-39.56,-2.06
Bev_rightArmSteadyData,70389,2025-03-23 23:37:24.720,-0.51,1.14,0.78,17.56,7.06,72.37,13.38,-42.50,0.75
Bev_rightArmSteadyData,70497,2025-03-23 23:37:24.827,-0.50,0.97,0.15,9.00,29.62,46.69,6.06,-44.75,2.00
Bev_rightArmSteadyData,70604,2025-03-23 23:37:24.932,0.16,0.33,-0.02,12.63,14.56,49.63,1.56,-44.75,1.56
Bev_rightArmSteadyData,70713,2025-03-23 23:37:25.044,1.45,0.81,-0.83,12.75,-24.19,75.87,-1.25,-44.50,3.56
Bev_rightArmSteadyData,70823,2025-03-23 23:37:25.150,0.34,0.88,-0.86,10.13,7.06,10.63,-6.75,-43.69,5.69
Bev_rightArmSteadyData,70934,2025-03-23 23:37:25.260,0.32,0.26,-0.42,30.06,-6.56,8.69,-7.19,-43.00,6.00
Bev_rightArmSteadyData,71041,2025-03-23 23:37:25.367,0.60,0.00,-0.47,3.69,-42.25,11.31,-9.50,-42.19,7.69
Bev_rightArmSteadyData,71148,2025-03-23 23:37:25.474,0.23,0.21,-0.11,4.38,-8.56,-5.19,-8.38,-41.50,10.19
Bev_rightArmSteadyData,71255,2025-03-23 23:37:25.584,0.27,0.15,-0.08,-3.25,-10.94,-15.13,-8.06,-41.50,9.69
Bev_rightArmSteadyData,71363,2025-03-23 23:37:25.692,0.17,0.13,-0.02,-9.81,-7.00,-29.37,-6.19,-42.19,11.38
Bev_rightArmSteadyData,71471,2025-03-23 23:37:25.799,0.07,0.11,-0.18,-7.13,-8.38,-27.25,-3.56,-43.00,8.88
Bev_rightArmSteadyData,71578,2025-03-23 23:37:25.903,0.14,-0.03,-0.25,0.25,10.50,-32.69,-2.06,-42.56,9.69
Bev_rightArmSteadyData,71688,2025-03-23 23:37:26.016,0.04,-0.12,-0.15,3.19,3.50,-25.69,-0.56,-43.00,8.50
Bev_rightArmSteadyData,71794,2025-03-23 23:37:26.121,0.23,-0.25,-0.12,6.63,0.75,-17.62,1.56,-43.38,8.88
Bev_rightArmSteadyData,71902,2025-03-23 23:37:26.228,0.08,-0.32,0.03,7.25,3.00,-14.63,4.19,-43.00,9.25
Bev_rightArmSteadyData,72009,2025-03-23 23:37:26.338,-0.18,-0.27,0.06,10.88,1.56,-10.13,4.88,-42.56,10.56
Bev_rightArmSteadyData,72117,2025-03-23 23:37:26.445,-0.05,0.18,-0.02,3.00,1.69,-15.06,5.69,-43.00,11.00
Bev_rightArmSteadyData,72225,2025-03-23 23:37:26.552,-0.36,0.03,-0.16,-9.69,17.31,-45.13,6.38,-43.38,10.56
Bev_rightArmSteadyData,72332,2025-03-23 23:37:26.658,-0.50,-0.07,0.11,3.75,39.13,-47.63,9.38,-41.88,11.38
Bev_rightArmSteadyData,72440,2025-03-23 23:37:26.768,0.15,0.05,0.04,-1.75,22.25,-39.50,12.69,-41.19,11.38
Bev_rightArmSteadyData,72548,2025-03-23 23:37:26.875,0.41,-0.26,-0.23,-6.81,12.63,-41.81,14.19,-41.19,11.75
Bev_rightArmSteadyData,72655,2025-03-23 23:37:26.982,0.30,-0.03,-0.35,-2.63,14.13,-39.75,19.69,-39.25,11.38
Bev_rightArmSteadyData,72763,2025-03-23 23:37:27.088,0.00,0.00,-0.16,-1.31,17.19,-44.44,20.87,-38.19,12.19
Bev_rightArmSteadyData,72871,2025-03-23 23:37:27.200,-0.01,0.20,0.05,-6.50,13.75,-47.50,23.06,-36.25,12.56
Bev_rightArmSteadyData,72981,2025-03-23 23:37:27.307,-0.14,0.44,0.26,-19.37,24.81,-56.06,26.25,-34.50,11.75
Bev_rightArmSteadyData,73092,2025-03-23 23:37:27.419,0.05,-0.06,0.37,-26.37,18.31,-54.69,28.19,-32.19,13.00
Bev_rightArmSteadyData,73199,2025-03-23 23:37:27.526,-0.36,-0.32,0.42,-21.19,-2.44,-51.63,31.50,-29.69,12.19
Bev_rightArmSteadyData,73306,2025-03-23 23:37:27.633,0.02,-0.32,0.40,0.00,-20.44,-31.81,35.25,-25.19,11.38
Bev_rightArmSteadyData,73413,2025-03-23 23:37:27.739,0.00,-0.62,1.14,12.81,-43.25,-30.94,37.56,-23.37,9.56
Bev_rightArmSteadyData,73523,2025-03-23 23:37:27.850,-0.54,-0.89,-1.01,25.12,-38.25,-50.50,38.25,-20.50,7.56
Bev_rightArmSteadyData,73633,2025-03-23 23:37:27.952,-0.36,-0.57,-0.64,12.44,-16.94,-59.75,40.88,-17.50,6.75
Bev_rightArmSteadyData,73744,2025-03-23 23:37:28.071,0.58,-0.33,1.00,22.94,-18.56,-62.44,42.00,-12.00,4.25
Bev_rightArmSteadyData,73850,2025-03-23 23:37:28.178,0.86,-0.46,0.29,24.06,-38.75,-45.75,43.88,-7.06,2.75
Bev_rightArmSteadyData,73958,2025-03-23 23:37:28.284,1.09,-1.55,-1.33,17.50,-50.13,4.81,44.00,-2.25,-0.88
Bev_rightArmSteadyData,74065,2025-03-23 23:37:28.391,1.97,-2.35,-1.16,-11.25,-9.56,79.56,43.19,-3.25,-4.50
Bev_rightArmSteadyData,74175,2025-03-23 23:37:28.500,1.41,-2.92,-0.35,-11.00,-14.75,111.81,43.56,-9.19,-4.88
Bev_rightArmSteadyData,74286,2025-03-23 23:37:28.612,0.74,-1.23,-0.12,-5.81,-19.75,100.44,41.00,-17.75,-4.88
Bev_rightArmSteadyData,74396,2025-03-23 23:37:28.722,-0.39,-0.08,0.69,15.31,23.37,76.00,37.25,-24.87,-5.25
Bev_rightArmSteadyData,74504,2025-03-23 23:37:28.829,0.91,0.68,0.23,1.50,4.19,88.25,34.00,-30.00,-1.06
Bev_rightArmSteadyData,74610,2025-03-23 23:37:28.935,0.30,0.63,0.06,-4.13,14.25,99.37,26.56,-36.69,-1.56
Bev_rightArmSteadyData,74718,2025-03-23 23:37:29.042,-0.96,0.59,0.14,-4.81,22.94,101.00,19.69,-40.38,-1.06
Bev_rightArmSteadyData,74827,2025-03-23 23:37:29.152,-0.47,-0.07,0.00,-6.69,11.56,79.00,13.38,-43.38,-1.06
Bev_rightArmSteadyData,74938,2025-03-23 23:37:29.263,0.52,0.19,0.05,11.31,-11.13,67.62,8.19,-44.06,0.50
Bev_rightArmSteadyData,75047,2025-03-23 23:37:29.373,0.02,0.30,-0.29,0.25,-9.06,52.63,3.69,-44.88,2.06
Bev_rightArmSteadyData,75154,2025-03-23 23:37:29.480,0.17,0.49,-0.14,2.19,9.19,26.31,-1.50,-44.50,2.06
Bev_rightArmSteadyData,75261,2025-03-23 23:37:29.586,0.58,0.48,-0.33,-0.25,-8.56,27.44,-4.06,-43.06,3.25
Bev_rightArmSteadyData,75368,2025-03-23 23:37:29.692,0.13,0.17,-0.12,2.38,5.44,8.25,-6.00,-43.06,2.06
Bev_rightArmSteadyData,75475,2025-03-23 23:37:29.799,-0.02,0.24,-0.17,3.94,-1.69,10.63,-6.69,-43.50,2.50
Bev_rightArmSteadyData,75583,2025-03-23 23:37:29.902,-0.22,-0.22,-0.17,2.75,0.81,8.69,-6.69,-42.69,2.50
Bev_rightArmSteadyData,75692,2025-03-23 23:37:30.015,-0.12,0.43,-0.16,5.00,-0.56,3.69,-7.50,-43.00,2.88
Bev_rightArmSteadyData,75801,2025-03-23 23:37:30.127,0.27,0.26,-0.43,-11.38,-9.75,-11.81,-8.69,-41.50,3.69
Bev_rightArmSteadyData,75909,2025-03-23 23:37:30.233,0.04,0.07,-0.37,-2.75,10.25,-19.62,-7.56,-42.25,3.69
Bev_rightArmSteadyData,76015,2025-03-23 23:37:30.340,-0.15,0.31,-0.02,-0.56,3.88,-27.31,-4.19,-42.00,3.25
Bev_rightArmSteadyData,76123,2025-03-23 23:37:30.446,-0.16,0.23,-0.09,-0.63,0.06,-34.44,-2.75,-43.06,2.50
Bev_rightArmSteadyData,76232,2025-03-23 23:37:30.552,-0.22,-0.16,0.17,-0.37,-8.38,-29.19,-1.25,-43.38,2.06
Bev_rightArmSteadyData,76341,2025-03-23 23:37:30.664,0.31,-0.25,-0.10,5.81,-6.44,-28.87,1.00,-43.69,3.25
Bev_rightArmSteadyData,76447,2025-03-23 23:37:30.770,0.47,0.09,-0.39,0.81,1.25,-33.56,2.75,-44.50,1.69
Bev_rightArmSteadyData,76556,2025-03-23 23:37:30.880,0.20,0.16,-0.22,2.50,21.87,-45.88,6.50,-44.06,1.69
Bev_rightArmSteadyData,76663,2025-03-23 23:37:30.987,0.09,-0.08,0.12,-0.44,26.81,-53.13,9.06,-43.69,2.50
Bev_rightArmSteadyData,76770,2025-03-23 23:37:31.093,-0.21,-0.15,0.18,-7.69,9.56,-57.69,15.00,-43.38,1.69
Bev_rightArmSteadyData,76877,2025-03-23 23:37:31.200,-0.39,0.49,0.20,-19.06,0.06,-66.50,19.37,-41.19,2.00
Bev_rightArmSteadyData,76986,2025-03-23 23:37:31.302,-0.01,0.73,0.50,-41.00,-23.75,-90.37,23.50,-38.50,0.37
Bev_rightArmSteadyData,77096,2025-03-23 23:37:31.421,0.60,-0.88,-0.36,-13.88,-29.56,-92.44,29.75,-33.69,-4.06
Bev_rightArmSteadyData,77206,2025-03-23 23:37:31.532,-0.29,-0.48,0.96,44.81,-16.37,-102.62,33.06,-27.87,-4.88
Bev_rightArmSteadyData,77314,2025-03-23 23:37:31.637,1.15,-0.75,0.97,59.13,-18.31,-97.37,37.56,-22.56,-4.88
Bev_rightArmSteadyData,77421,2025-03-23 23:37:31.745,1.80,-1.57,0.72,47.75,-21.19,-57.06,42.50,-11.88,-4.50
Bev_rightArmSteadyData,77529,2025-03-23 23:37:31.852,0.74,-2.61,-1.07,42.19,-27.31,-13.69,42.88,-8.88,-6.06
Bev_rightArmSteadyData,77638,2025-03-23 23:37:31.962,0.42,-2.33,-1.25,20.31,5.13,20.44,42.88,-8.88,-6.88
Bev_rightArmSteadyData,77748,2025-03-23 23:37:32.073,1.21,-1.68,0.65,-18.37,10.19,43.31,43.25,-9.56,-6.00
Bev_rightArmSteadyData,77858,2025-03-23 23:37:32.183,1.00,-1.53,0.88,-18.50,0.56,58.31,42.56,-13.00,-6.00
Bev_rightArmSteadyData,77966,2025-03-23 23:37:32.289,-0.06,-2.03,0.11,2.06,-16.81,64.94,41.06,-17.00,-6.00
Bev_rightArmSteadyData,78072,2025-03-23 23:37:32.395,0.39,-1.46,0.06,5.56,-14.13,81.12,37.75,-24.06,-6.00
Bev_rightArmSteadyData,78180,2025-03-23 23:37:32.502,0.85,-0.52,0.47,12.63,2.63,89.56,33.25,-30.00,-5.19
Bev_rightArmSteadyData,78290,2025-03-23 23:37:32.612,0.75,0.84,1.02,19.81,4.50,112.06,29.00,-34.50,-3.88
Bev_rightArmSteadyData,78400,2025-03-23 23:37:32.723,0.49,1.75,0.39,21.25,-2.38,103.37,21.50,-38.88,-2.25
Bev_rightArmSteadyData,78510,2025-03-23 23:37:32.834,-1.36,-0.17,0.08,-9.75,4.44,67.06,13.69,-43.00,-0.69
Bev_rightArmSteadyData,78617,2025-03-23 23:37:32.941,-0.16,-0.03,-0.61,11.88,19.44,71.31,8.50,-43.50,-2.38
Bev_rightArmSteadyData,78725,2025-03-23 23:37:33.047,0.19,0.56,-0.71,9.44,0.31,62.25,1.50,-45.00,1.25
Bev_rightArmSteadyData,78831,2025-03-23 23:37:33.154,0.45,0.72,-0.11,6.25,23.69,25.81,-2.19,-43.69,0.88
Bev_rightArmSteadyData,78939,2025-03-23 23:37:33.261,0.15,0.49,0.15,4.50,4.31,10.56,-3.06,-43.00,3.69
Bev_rightArmSteadyData,79045,2025-03-23 23:37:33.367,0.32,0.62,0.00,-7.81,-17.12,3.13,-4.06,-43.00,2.50
Bev_rightArmSteadyData,79155,2025-03-23 23:37:33.477,-0.32,0.00,-0.17,-3.50,6.19,-4.94,-4.06,-43.00,2.88
Bev_rightArmSteadyData,79264,2025-03-23 23:37:33.587,-0.56,0.17,-0.18,3.56,-3.25,-10.88,-3.38,-42.56,1.69
Bev_rightArmSteadyData,79371,2025-03-23 23:37:33.694,-0.25,0.03,-0.01,-1.94,-1.56,-30.06,-2.25,-43.69,2.50
Bev_rightArmSteadyData,79478,2025-03-23 23:37:33.801,-0.17,-0.28,-0.05,-0.69,1.56,-28.69,-0.06,-43.69,2.06
Bev_rightArmSteadyData,79586,2025-03-23 23:37:33.906,-0.14,-0.26,-0.02,-0.06,5.69,-29.62,1.37,-44.06,2.06
Bev_rightArmSteadyData,79695,2025-03-23 23:37:34.017,-0.08,-0.39,0.01,1.69,8.75,-30.87,3.56,-43.69,0.88
Bev_rightArmSteadyData,79804,2025-03-23 23:37:34.125,0.07,-0.23,0.05,1.81,9.63,-25.87,5.50,-44.06,2.06
Bev_rightArmSteadyData,79911,2025-03-23 23:37:34.233,0.46,0.22,0.17,-4.94,4.56,-32.38,8.25,-44.50,2.50
Bev_rightArmSteadyData,80019,2025-03-23 23:37:34.342,0.10,-0.18,-0.34,-19.69,-0.12,-50.69,10.19,-43.38,0.88
Bev_rightArmSteadyData,80126,2025-03-23 23:37:34.448,-0.43,-0.38,-0.09,-17.06,16.62,-53.19,13.50,-42.56,-0.75
Bev_rightArmSteadyData,80234,2025-03-23 23:37:34.555,-0.26,-0.17,-0.14,-15.81,21.44,-63.25,19.50,-41.50,-2.00
Bev_rightArmSteadyData,80340,2025-03-23 23:37:34.662,-0.09,0.55,0.05,-17.37,16.19,-75.00,23.87,-38.88,-1.56
Bev_rightArmSteadyData,80449,2025-03-23 23:37:34.772,-0.01,0.71,0.06,-20.12,3.94,-91.94,28.25,-34.88,-2.00
Bev_rightArmSteadyData,80559,2025-03-23 23:37:34.879,0.59,-0.81,0.45,1.75,-0.75,-63.06,33.56,-29.69,-3.56
Bev_rightArmSteadyData,80669,2025-03-23 23:37:34.989,0.24,-1.44,0.55,25.81,-10.19,-32.25,35.38,-25.50,-4.75
Bev_rightArmSteadyData,80776,2025-03-23 23:37:35.097,0.32,-1.86,0.62,28.12,-22.50,-22.62,38.00,-24.06,-5.25
Bev_rightArmSteadyData,80883,2025-03-23 23:37:35.202,0.61,-2.65,-0.59,8.81,-30.50,-8.56,39.19,-21.06,-5.69
Bev_rightArmSteadyData,80991,2025-03-23 23:37:35.312,0.33,-2.50,-1.36,-10.94,-19.31,8.38,38.75,-20.00,-8.38
Bev_rightArmSteadyData,81100,2025-03-23 23:37:35.423,0.94,-2.77,-0.07,-12.50,-12.50,40.31,38.06,-21.50,-9.25
Bev_rightArmSteadyData,81211,2025-03-23 23:37:35.529,-0.18,-1.32,0.62,7.63,-2.13,27.87,35.56,-23.37,-8.75
Bev_rightArmSteadyData,81321,2025-03-23 23:37:35.641,-0.08,0.06,0.20,31.87,-20.19,16.12,34.75,-25.50,-9.69
Bev_rightArmSteadyData,81428,2025-03-23 23:37:35.748,-0.69,0.83,0.05,24.62,-41.19,8.25,33.25,-28.19,-8.00
Bev_rightArmSteadyData,81536,2025-03-23 23:37:35.852,-0.06,0.31,-0.39,18.25,-31.31,32.69,31.06,-30.37,-8.88
Bev_rightArmSteadyData,81643,2025-03-23 23:37:35.964,0.76,-0.24,-0.05,3.56,-1.19,45.75,28.87,-31.87,-11.50
Bev_rightArmSteadyData,81751,2025-03-23 23:37:36.070,-0.08,-0.42,0.21,-0.44,8.19,32.31,26.25,-35.56,-9.88
Bev_rightArmSteadyData,81858,2025-03-23 23:37:36.175,-0.13,-0.38,0.10,4.56,-14.69,19.37,26.56,-36.00,-8.56
Bev_rightArmSteadyData,81966,2025-03-23 23:37:36.287,0.36,-0.66,-0.12,-2.69,-14.25,14.94,23.25,-36.69,-9.88
Bev_rightArmSteadyData,82075,2025-03-23 23:37:36.394,0.21,-0.25,-0.12,-9.38,-3.88,9.06,22.19,-37.75,-11.06
Bev_rightArmSteadyData,82183,2025-03-23 23:37:36.500,-1.00,-0.57,0.11,-16.56,-2.88,-3.69,22.19,-37.38,-9.50
Bev_rightArmSteadyData,82289,2025-03-23 23:37:36.602,-2.03,-2.02,-0.34,-14.63,15.31,-43.88,22.87,-37.38,-12.38
Bev_rightArmSteadyData,82397,2025-03-23 23:37:36.717,-0.10,0.39,0.29,-4.75,22.25,-68.50,26.25,-34.88,-11.06
Bev_rightArmSteadyData,82506,2025-03-23 23:37:36.825,0.09,0.24,0.24,-12.31,7.25,-44.88,30.25,-31.50,-11.50
Bev_rightArmSteadyData,82616,2025-03-23 23:37:36.935,-0.10,0.91,0.16,-4.31,18.12,-23.50,33.25,-29.25,-11.50
Bev_rightArmSteadyData,82725,2025-03-23 23:37:37.045,0.24,0.81,0.02,6.44,1.56,-15.75,34.06,-28.19,-9.50
Bev_rightArmSteadyData,82832,2025-03-23 23:37:37.152,0.66,-0.05,-0.30,1.12,-8.44,-3.94,34.38,-27.37,-10.69
Bev_rightArmSteadyData,82939,2025-03-23 23:37:37.258,0.22,-1.12,-0.15,9.38,5.44,8.19,34.69,-27.37,-11.06
Bev_rightArmSteadyData,83047,2025-03-23 23:37:37.365,-0.13,-0.91,0.19,6.81,1.37,4.38,34.00,-27.75,-9.88
Bev_rightArmSteadyData,83153,2025-03-23 23:37:37.472,0.18,-0.45,0.14,-3.75,-0.94,0.31,33.56,-28.06,-10.25
Bev_rightArmSteadyData,83261,2025-03-23 23:37:37.581,-0.07,-0.05,-0.11,-1.56,-6.06,-1.50,35.06,-27.69,-8.56
Bev_rightArmSteadyData,83369,2025-03-23 23:37:37.688,-0.18,0.20,-0.50,-2.94,-5.31,-2.13,34.00,-28.50,-10.25
Bev_rightArmSteadyData,83479,2025-03-23 23:37:37.798,0.08,0.02,-0.04,2.75,9.00,2.75,33.56,-28.19,-9.88
Bev_rightArmSteadyData,83587,2025-03-23 23:37:37.904,0.30,-0.22,0.18,1.31,-1.25,2.75,34.00,-27.25,-9.88
Bev_rightArmSteadyData,83694,2025-03-23 23:37:38.011,0.03,0.11,0.04,1.06,-1.69,6.81,34.25,-28.50,-8.56
Bev_rightArmSteadyData,83801,2025-03-23 23:37:38.119,0.22,-0.42,-0.60,-2.00,-1.25,11.06,33.56,-28.50,-11.06
Bev_rightArmSteadyData,83910,2025-03-23 23:37:38.225,-0.26,0.06,0.22,2.88,5.50,7.13,33.19,-28.87,-8.56
Bev_rightArmSteadyData,84020,2025-03-23 23:37:38.339,0.19,-0.18,-0.04,-0.06,0.75,-1.63,32.75,-29.69,-9.00
Bev_rightArmSteadyData,84128,2025-03-23 23:37:38.445,0.14,-0.11,-0.05,0.25,-1.75,4.31,32.88,-29.69,-8.56
Bev_rightArmSteadyData,84236,2025-03-23 23:37:38.552,-0.03,-0.11,-0.05,-3.56,0.12,3.88,32.88,-29.69,-9.50
Bev_rightArmSteadyData,84343,2025-03-23 23:37:38.659,0.00,-0.30,-0.01,-3.69,0.88,3.25,31.69,-30.00,-8.56
Bev_rightArmSteadyData,84450,2025-03-23 23:37:38.768,-0.13,0.14,0.18,-3.56,1.94,-0.25,32.19,-29.69,-9.00
Bev_rightArmSteadyData,84557,2025-03-23 23:37:38.875,0.15,0.00,-0.34,-3.81,-2.50,-3.00,32.56,-29.69,-10.69
Bev_rightArmSteadyData,84665,2025-03-23 23:37:38.982,0.09,-0.25,0.00,-1.94,3.63,5.38,32.50,-30.00,-9.88
Bev_rightArmSteadyData,84774,2025-03-23 23:37:39.092,-0.06,0.00,0.08,-3.69,3.56,2.25,31.69,-30.00,-10.25
Bev_rightArmSteadyData,84884,2025-03-23 23:37:39.202,0.11,-0.06,-0.13,-0.19,-2.00,-0.19,31.37,-30.00,-9.50
Bev_rightArmSteadyData,84992,2025-03-23 23:37:39.302,-0.03,-0.04,0.00,0.44,1.00,2.50,32.19,-30.00,-8.56
Bev_rightArmSteadyData,85098,2025-03-23 23:37:39.416,0.00,0.00,-0.09,-2.63,1.06,-0.88,32.19,-30.00,-10.69
Bev_rightArmSteadyData,85206,2025-03-23 23:37:39.523,0.06,-0.07,0.00,0.37,1.56,-0.19,32.19,-29.69,-11.06
Bev_rightArmSteadyData,85314,2025-03-23 23:37:39.630,0.18,-0.25,0.10,-2.56,1.00,0.12,32.06,-29.69,-10.25
Bev_rightArmSteadyData,85422,2025-03-23 23:37:39.739,0.06,0.06,0.00,-2.81,-1.44,0.37,32.50,-29.25,-9.88
